-- MySQL dump 10.13  Distrib 5.5.27, for Win32 (x86)
--
-- Host: localhost    Database: rss_db
-- ------------------------------------------------------
-- Server version	5.5.27

/*!40101 SET @OLD_CHARACTER_SET_CLIENT=@@CHARACTER_SET_CLIENT */;
/*!40101 SET @OLD_CHARACTER_SET_RESULTS=@@CHARACTER_SET_RESULTS */;
/*!40101 SET @OLD_COLLATION_CONNECTION=@@COLLATION_CONNECTION */;
/*!40101 SET NAMES utf8 */;
/*!40103 SET @OLD_TIME_ZONE=@@TIME_ZONE */;
/*!40103 SET TIME_ZONE='+00:00' */;
/*!40014 SET @OLD_UNIQUE_CHECKS=@@UNIQUE_CHECKS, UNIQUE_CHECKS=0 */;
/*!40014 SET @OLD_FOREIGN_KEY_CHECKS=@@FOREIGN_KEY_CHECKS, FOREIGN_KEY_CHECKS=0 */;
/*!40101 SET @OLD_SQL_MODE=@@SQL_MODE, SQL_MODE='NO_AUTO_VALUE_ON_ZERO' */;
/*!40111 SET @OLD_SQL_NOTES=@@SQL_NOTES, SQL_NOTES=0 */;

--
-- Current Database: `rss_db`
--

CREATE DATABASE /*!32312 IF NOT EXISTS*/ `rss_db` /*!40100 DEFAULT CHARACTER SET utf8 */;

USE `rss_db`;

--
-- Table structure for table `rss_feed_contents`
--

DROP TABLE IF EXISTS `rss_feed_contents`;
/*!40101 SET @saved_cs_client     = @@character_set_client */;
/*!40101 SET character_set_client = utf8 */;
CREATE TABLE `rss_feed_contents` (
  `content_id` bigint(20) unsigned NOT NULL AUTO_INCREMENT,
  `feed_id` int(20) unsigned NOT NULL,
  `content_title` varchar(120) DEFAULT NULL,
  `content_link` varchar(512) NOT NULL,
  `content_summary` text NOT NULL,
  `content_md5` char(32) DEFAULT NULL,
  `content_addtime` int(11) unsigned NOT NULL,
  PRIMARY KEY (`content_id`),
  KEY `feed_id` (`feed_id`),
  CONSTRAINT `rss_feed_contents_ibfk_1` FOREIGN KEY (`feed_id`) REFERENCES `rss_feeds` (`feed_id`)
) ENGINE=InnoDB AUTO_INCREMENT=21 DEFAULT CHARSET=utf8;
/*!40101 SET character_set_client = @saved_cs_client */;

--
-- Dumping data for table `rss_feed_contents`
--

LOCK TABLES `rss_feed_contents` WRITE;
/*!40000 ALTER TABLE `rss_feed_contents` DISABLE KEYS */;
INSERT INTO `rss_feed_contents` VALUES (1,6,'绿茶与防癌：新线索','http://article.yeeyan.org/view/351748/326591','<p>译者  <a href=\"http://space.yeeyan.org/u/351748\">小牛儿</a></p><p>\n	10月18日，2002（阿纳海姆，加州）。很早就开始研究绿茶及其提取物的健康作用，包括癌症预防。\n</p>\n<p>\n	现在，研究人员又有了绿茶帮助防治或延缓前列腺和乳腺癌生长的新线索。\n</p>\n<p>\n	今天，研究人员将其发现发布在美国癌症研究协会的癌症预防会议上。\n</p>\n<p>\n	<strong>绿茶与前列腺癌</strong> \n</p>\n洛杉矶加利福利亚大学David Geffen医学院副教授M.Henning博士说，饮用绿茶的前列腺癌患者，与不饮用绿茶的患者比，前列腺组织的炎症较轻，这与癌生长和其他变化有关。\n<p>\n	“我们可以表明绿茶多酚（抗氧化剂）到达前列腺组织，并减轻其炎症，”她说。多酚是保护细胞受损的抗氧化剂。\n</p>\n<p>\n	Henning选派79个计划进行外科手术的男性前列腺病人每天喝六杯冲泡的绿茶或喝水。根据不同的手术日程，他们进行了三到八周这样的安排。\n</p>\n<p>\n	研究进行前后，Hening提取尿样和血样。手术后，她收集前列腺组织试样本。\n</p>\n<p>\n	她对完成研究的67人提交了报告。喝绿茶的人研究后，其前列腺特异抗体，即PSA的水平较低。高水平的PSA，由前列腺产生的一种蛋白质，可以反映前列腺癌。Henning发现，称为核因子kappaB的炎症指示物，相较于不喝绿茶者，也降低了。炎症与癌症生长有关。\n</p>\n<p>\n	“我们不能阻止肿瘤生长，”她说。但是研究时长还不能表明这一点，还需要长期的研究。\n</p>\n<p>\n	绿茶与前列腺癌：意义\n</p>\n<p>\n	Henning说，前列腺癌是一种典型的慢生长癌。因此，是一种试用食疗干预进一步延缓其生长的理想癌种。\n</p>\n<p>\n	她说“绿茶多酚含量高，并且方便。”\n</p>\n<p>\n	其他研究已经发现绿茶可能延缓前列腺癌。Henning说道，一个意大利研究发现具有前列腺癌先兆，且喝绿茶的人，患前列腺癌的可能性较低。\n</p>\n<p>\n	现在，Henning正在研究向绿茶添加槲皮素（一种苹果和洋葱中发现的抗氧化剂）能否增加其抗癌能力。\n</p>\n<p>\n	Sumanta Pal医学博士，加州杜阿尔特希望城综合癌症中心的肿瘤医学助理教授，为WebMD对这些研究发现进行了综述，他说，“这些研究对于确定和支持绿茶如何起作用的合理解释是重要的”。然而，在进行食疗建议之前，还需要进行更多的研究。\n</p>','c5a1c58942e45ed11daf568c63e76e08',1350828613),(2,6,'乔布斯是一个商业领袖领袖榜样么？','http://article.yeeyan.org/view/184798/326470','<p>译者  <a href=\"http://space.yeeyan.org/u/184798\">装B蛋</a></p><p>\n	书报博客中对史密斯乔布斯的正面赞扬和负面谴责层出不穷，评论者之间分化严重‘能否通过仿效乔布斯的方式来复制他的成功是其中一个重要议题。虽然多数管理层都习惯量化分析影响公司业绩的因素，但这个问题研究较少，仍有大量争议，缺乏更多实质性数据的支持。\n</p>\n<p>\n	&nbsp;\n</p>\n<p>\n	另一方面，评论家则仅评感性，对乔布斯不留余地的强势市场风格褒贬不一，观点两极分化。Ben Austen在其最近的“怪谈”中将这两部分评论者分为挺乔派和反乔派。挺乔派认为杰出的乔是苹果成功的根源。反乔派认为乔自大傲慢有重大缺陷领导苹果成功并不是因为他粗鲁的作风。\n</p>\n<p>\n	&nbsp;\n</p>\n<p>\n	我们认为这场关于领导力的争议之外，体现了大众对领导领导认知的缺失。多数机构评论员将领导力抽象的分化为两种。心理学家关注人际能力分支；领袖如何影响组织里的其他人，即领导者怎样做。管理学家强调商业执行能力，要用正确的策略取的成功，即领导者要什么。研究表明，这两项都很重要。\n</p>\n<p>\n	&nbsp;\n</p>\n<p>\n	比如,谷歌层进行一个偏薄的数据分析，通过经验判断对同一级别管理层中精英的共同特点。公司本希望，作为世界级的高科技公司，技术专长应是成功管理层拥有的最重要的特点。然而，纽约时报评论“谷歌最有成就的管理层，是那些平易近人处事公道的领导。他们愿意抽时间同员工单独交谈，通过提问引导员工解决问题而不是直接给出答案；他们关心员工的生活和职业规划”--这些管理层的突出点都是那些人际协调技能的突出。\n</p>\n<p>\n	&nbsp;\n</p>\n<p>\n	另一封面，德勤咨询进行了一项全球调查，关注投资者如何确定一家公司的价值。最重要的两项分别是财务状况和领导能力，其中财务状况更重要。该调查研究分析师如何对领导能力进行估值，发现3个核心部分，都强调领导者的商业能力“做什么<span></span>”：清晰的策略，有力的执行和创新的文化。\n</p>\n<p>\n	&nbsp;\n</p>\n<p>\n	在我们看来，这两项研究和其他差不多的研究，都关注一个不必要的的两分法：杰出的领导力是灵活的人际沟通或是商业策略执行构建和有效决策。这两者不是互不相容。不像某些评论家激动的劝说企业家们“是否应该学”史蒂夫乔布斯，我们认为如何实现管理高效能其实是通过实际调查研究说话。\n</p>\n<p>\n	&nbsp;\n</p>\n<p>\n	为这个目的，我们最近公布了一项研究成果。研究中我们调查了421个企业高管领导的4600个同事。调查数据包括这两项评分，对人际能力评分（How）和商业领导力评分（what）与个人领导力，员工态度（参与，士气，凝聚力）这两部分，与团队绩效之间的关系。\n</p>\n<p>\n	&nbsp;\n</p>\n<p>\n	数据分析显示人际能力和商业能力都对领导力效能有作用，但作用方式不同。人际能力通过影响员工态度作用于劳动生产力。另一方面，商业能力对员工态度没有影响但直接影响评分和劳动生产率。换句话说人际能力和商业能力都同样重要且互补，都对商业领导的企业有影响。\n</p>\n<p>\n	&nbsp;\n</p>\n<p>\n	这些发现提醒我们改变对领导效能的以往看法。不再考虑是领导的人际协调能力更重要还是领导本人解决实际问题的能力更重要；而是把问题变为：领导者如何同时均衡有效得使用这两项能力，整体解决工作中遇到的问题。\n</p>\n<p>\n	&nbsp;\n</p>\n<p>\n	我们的数据表明，乔是一个调查特例，一个管理奇葩。我们数据库中的421名高管，没有一个“史密斯乔布斯型”- 一个顶级的业务能手同时是一个蹩脚的人际协调者，并带出一个高产的团队。从目前我们可以取得的数据中，<strong>\"</strong>史密斯乔布斯型<strong>\"</strong>不是成为高效能管理者的最好方式，而是相反，做一个“亲民领袖”的同时，又是一个创新且有所专长的战略执行者。\n</p>\n<p>\n	&nbsp;\n</p>\n<p>\n	你平时用什么方法能不断督促同事交付优质成果，并能维持稳定和谐的同事关系？你又如何使你在这两方面的领导能力都不受到质疑呢？\n</p>\n<p>\n	&nbsp;\n</p>\n<p>\n	&nbsp;\n</p>\n<p>\n	&nbsp;\n</p>\n<p>\n	&nbsp;\n</p>\n<p>\n	&nbsp;\n</p>\n<p>\n	&nbsp;\n</p>\n<p>\n	&nbsp;\n</p>\n<p>\n	&nbsp;\n</p>\n<p>\n	&nbsp;\n</p>\n<p>\n	&nbsp;\n</p>\n<p>\n	&nbsp;\n</p>','decfb575038673f6c4a79baa2910c718',1350828613),(3,6,'铁老大','http://article.yeeyan.org/view/51795/325594','<p>译者  <a href=\"http://space.yeeyan.org/u/51795\">swifters</a></p><p>\n	<span>\n	<p>\n		<p>\n			<img alt=\"\" src=\"http://www.newyorker.com/images/2012/10/22/p465/121022_r22703_p465.jpg\" />\n		</p>\n		<p>\n			温州撞车事故现场。铁道部之前已经下定决心，以超乎任何人想象的速度建设12万公里的高速铁路。\n		</p>\n		<p>\n			<br />\n		</p>\n		<p>\n			<br />\n		</p>\n		<p>\n			2011年7月23日上午，D301次列车正在最后检票，搭乘此次列车的旅客在北京南站里急匆匆地走着。D301次“和谐号”高速列车开往南方，在世界上规模最大、车速最快、年份最新的高速铁路上行驶。它的目的地是2200多公里外的福州。\n		</p>\n		<p>\n			<br />\n		</p>\n		<p>\n			北京南站的形状像一个飞碟，从天窗透进来的光线将银色的拱形天花板照得亮堂堂的。它和帝国大厦所用的钢材一样多，每年的旅客吞吐量可达2.4亿人次，比美国最繁忙的火车站——纽约的宾夕法尼亚车站（Penn&nbsp;Station）高30%。当北京南站于2008年启用时，它是亚洲最大的火车站，然后上海又将这个宝座据为己有。中国铁道部的员工数量几乎同美国政府的文职雇员一样多，该部已经新建或翻修了总计大约300座车站。\n		</p>\n		<p>\n			<br />\n		</p>\n		<p>\n			当D301乘客站上站台时，他们看到的这辆列车看上去更像一架没有翅膀的喷气飞机，而不是一列火车：一根由头到尾有大约400米长的铝合金管，由16节车厢组成，漆成亮白色的车体上装饰有蓝色的赛车条纹。引导旅客入座的女乘务员的制服是泛美航空公司式的筒形帽和铅笔裙；根据规定，乘务员身高至少要达到1.65米，还要接受训练，微笑时必须露出正好八颗牙齿。一个叫朱平的21岁大学生坐到她的位子上，然后发短信给室友，说她要在铁轨上“飞驰”回家了。“就连笔记本电脑的速度也变快了。”她说。\n		</p>\n		<p>\n			<br />\n		</p>\n		<p>\n			对于在卧铺车厢的曹家人来说，讲究的出行方式标志着成就。这家人中的父母20年前移民到纽约皇后区，一路打拼，获得了在拉瓜迪亚机场（LaGuardia&nbsp;Airport）做清洁工的稳定工作。他们供两个儿子读完大学，成为了美国公民，现在回国旅游，戴着一样的帽子留影，在天安门广场的毛泽东画像下站得笔直。他们的下一站是在福州与亲人团聚。这是他们这一辈子第一次休假。他们的儿子亨利在科罗拉多州经营照相器材生意，这是他第一次回到这个国家。在他的成长过程中，这个国家给他的印象一直是贫穷的。\n		</p>\n		<p>\n			<br />\n		</p>\n		<p>\n			中国的火车在很长一段时间里一直是落后的象征。一个多世纪前，慈禧太后被赠予一台微型发动机，好拉她到皇城内的各处地方，而她认为“冒火的大车（fire&nbsp;cart）”极其冒犯自然秩序，将其禁止，并坚持她的车厢仍然应该由太监来拉。虽然毛主席坐着火车巡视四方（此时的铁道有一部分是用于军事的），但对于普通人来说，坐火车旅行仍然是迟缓、拥挤的痛苦经历。人们给蒙着烟尘的火车按照车厢颜色起了绰号：“绿皮车”是最慢的，“红皮车”也好不到哪去。20世纪50年代，日本率先推出高速列车，欧洲紧随其后，而中国仍然远远落在后面。官方媒体对此哀叹道，中国人均拥有铁路仅为6厘米——“不到一根香烟的长度”。\n		</p>\n		<p>\n			<br />\n		</p>\n		<p>\n			2003年，中国铁道部长刘志军开始负责实施建设12万公里高速铁路的计划——比世界其他国家的高铁里程总和还多。对于跟中国火车打过交道的人来说，这是很难想象的。“早在1995年，如果你告诉我中国会有今天，我会觉得你是彻头彻尾地疯了。”在香港工作的英籍交通顾问理查德•迪•博纳（Richard&nbsp;Di&nbsp;Bona）最近对我说。这个计划总投资超过2500亿美元，是自20世纪50年代艾森豪威尔总统的州际公路系统（Interstate&nbsp;Highway&nbsp;System）以来世界最昂贵的公共工程项目。刘部长的万丈雄心和张扬作风为他赢得了“刘跨越”的绰号。为了赶在2008年内完成第一条高铁线路，他赶着手下的工作人员和工程师日以继夜轮班工作，铺设轨道、修改图纸、开挖隧道。他喜欢说：“牺牲一代人，实现大跨越。”（有些同事叫他刘疯子。）官方新闻大力宣传一位名叫忻力的工程师，因为他在电脑前坐得过久，左眼几近失明。（“我就是失去一只眼睛也要工作。”他对记者说。）第一条高铁线路于2008年6月首次试运行，它超预算75％，严重依赖于德国设计，但在典礼上没有人细想这些事情。干部们流下了眼泪。当另一条线路首次运行时，刘志军在列车长旁边坐下，说：“如果要死人的话，我当第一个。”\n		</p>\n		<p>\n			<br />\n		</p>\n		<p>\n			那年秋天，为了抵御全球经济衰退，中国领导人将高铁投资提高一倍以上，将目标调高为到2020年建造16万公里高速铁路，这相当于将美国第一条横贯大陆的铁路建造五次。中国准备向伊朗、委内瑞拉和土耳其出口铁路技术。中国还为一条通过哥伦比亚山区的货运铁路绘制图纸，这条铁路将对巴拿马运河形成挑战。另外，中国签署了建设“朝圣特快（pilgrim&nbsp;express）”的协议——在麦地那和麦加之间运送信徒。2011年1月，美国总统奥巴马在国情咨文讲话中提到了中国的铁路繁荣，作为证据说明“我们的基础设施曾经是最好的，但领先优势已经下滑”。下一个月，佛罗里达州州长里克•斯科特（Rick&nbsp;Scott）以拒绝联邦资金的方式，阻止了美国第一条高速铁路的建设。美铁（Amtrak）已经宣布了一项计划，到2040年将列车速度提升至与中国相当。\n		</p>\n		<p>\n			<br />\n		</p>\n		<p>\n			D301次列车在翠绿的稻田间向东南海岸疾驰。亨利•曹坐在第二车厢最后一个隔间的窗边，对他来说，列车似乎是在漂浮，在转弯时划出绵长优雅的弧线，对面不时有列车开过，两车交会时发出嗡嗡的声音。日落时分，一场夏天的暴风雨正在酝酿，亨利观看着云层中划过的闪电。他在车厢里的折叠床上伸展了一下身体。他的母亲直直地坐在他脚边。她留着短短的卷发，穿着蓝白条纹的衬衫。她在美国呆了将近半辈子，但仍然保持着中国旅客的习惯。她随身携带着超过一万美元的现金，腰包里装着打算用来送礼的玉首饰。她的丈夫坐在她对面，玩弄着iPhone。他照下一张摇摇晃晃的照片：车厢尾部的速度表上显示着188英里时速折合成公里的数字（1）。\n		</p>\n		<p>\n			<br />\n		</p>\n		<p>\n			几公里之外，发生了一件不寻常的事情。晚上7时30分，在温州市郊，闪电击中了铁轨旁一个沉重的金属箱。这个箱子跟洗衣-烘干机差不多大，是信号系统的一部分，这个系统能让司机和调度员都知道火车的位置。由于隧道阻挡了雷达信号，列车在很大程度上依赖以电线连接的设备，就比如这个在轨道边上的盒子。它能让司机和调度员互相交谈，还控制着一套机器般的信号灯，向司机发出停止和前进的基本指令。闪电击中箱子时，烧断了一根保险丝，造成两个灾难性的问题：切断了通信，并使信号灯停留在绿色。\n		</p>\n		<p>\n			<br />\n		</p>\n		<p>\n			在附近的一个车站，一名技术人员发现了铁轨上令人迷惑的信号，命令修理工冲进暴风雨去查找故障原因；同时，他将问题报告给上海一名叫张华的调度员。曹家人所乘的火车距此仍有数公里，但载有1072名乘客、也是开往福州的D3115次列车就在D301次前方。张华呼叫D3115次，警告驾驶员：因为错误的信号，他的火车可能会自动停驶。在这种情况下，司机应该采取目视行车模式，慢速谨慎运行，直到再次驶入正常区段。电脑正如预计的那样令列车停了下来，但是当司机试图启动列车时，虽然尝试了许多次，列车仍然原地不动。他在五分钟内呼叫上海六次，但无法接通。在车上，一位乘客将黑暗的车厢的照片传到网上，问道：“狂风暴雨后的动车这是怎么了？？爬得比蜗牛还慢……可别出啥事儿啊。”\n		</p>\n		<p>\n			<br />\n		</p>\n		<p>\n			调度员张华现在要同时应付10趟列车。他没有再收到来自D3115次的消息，可能就认为该车已经重新启动、继续前进了。载着曹家人的列车已经晚点半个小时，在晚上8时24分，张华向其发出前进的许可。五分钟后，第一趟火车的司机终于成功重新启动了发动机，并开始缓慢前进。当他的火车到达一个正常区段时，它突然出现在整个系统的屏幕上，好像凭空冒出来的一样，调度员看到将要发生什么了。它后面的火车按绿灯信号顺着铁轨猛冲而来。调度员提醒司机：“动车301你注意运行！区间有车啊，区间有3115啊！你现在注意运行啊，好不好啊？现在设备——”线路断了。\n		</p>\n		<p>\n			<br />\n		</p>\n		<p>\n			D301次列车的司机潘一恒是一名38岁的铁路员工，眼宽鼻阔。在最后几秒钟，潘一恒扳动了紧急制动的闸把。他的火车正在一座跨越平坦山谷的细长高架桥上，D3115次列车就在他面前，慢得几乎像一堵墙。\n		</p>\n		<p>\n			<br />\n		</p>\n		<p>\n			碰撞让闸把刺穿了潘一恒的身体，亨利•曹被抛到空中。他的身体绷得紧紧的，准备迎接撞击。但撞击没有发生。相反，他在坠落——他说不清下坠了多久。“我听到妈妈的声音在喊，”他后来告诉我，“然后一切都变成了黑色。”他所在的车厢和另外两节一同脱轨，翻滚着掉到20米下方的田地里。第四节车厢满载乘客，喷出火花，垂直挂在高架桥边，晃来晃去。亨利醒来时已经在医院了，医生切除了他的脾和一只肾。他的一只脚踝粉碎，断了几根肋骨，大脑遭到损伤。当他基本恢复神智时，他得知父母都死了。在救援和治疗的混乱中，他妈妈的一万美元也不见了。\n		</p>\n		<p>\n			<br />\n		</p>\n		<p>\n			温州撞车事故造成40人死亡，192人受伤。政府从实用意义和象征意义的原因出发，迫切希望尽快恢复列车运行，在24小时内就宣布这条线路恢复通车了。宣传部命令编辑们尽可能少地关注撞车事故。“不质疑，不展开”，宣传部在一个内部通知上发出如此的警告。当第二天早上报纸出来时，中国的第一起高速列车相撞事故不在头版。\n		</p>\n		<p>\n			<br />\n		</p>\n		<p>\n			但是，公众不想就此罢休，而是想知道发生了什么，以及为什么。这不是一辆在偏远地区掉下公路的大巴；这是几十个死于国家值得骄傲的成就的人——在这个新近网络化的时代，乘客们有手机，目击者和批评者终于有了让宣传者颜面扫地的工具。\n		</p>\n		<p>\n			<br />\n		</p>\n		<p>\n			公众要求知道，为什么救援人员取消搜索后，一个两岁的幸存者在残骸中被发现。一名铁道部发言人说，这是“一个奇迹”。批评者一片哗然，称他的解释“侮辱中国人民的智商”。当局一度将一部分受损的列车挖坑掩埋，声称救援工作需要平整的土地。当记者指责他们试图阻止调查时，不走运的发言人答道：“至于你信不信，由你，我反正是信的。”这句话在网上爆红，成了政府逐渐消失的信誉的象征。（列车被挖了出来。发言人被解职，最后一次露面是在波兰工作。）\n		</p>\n		<p>\n			<br />\n		</p>\n		<p>\n			数天之内，生产信号箱的国有企业为设计失误道歉。但是，对许多在中国的人来说，把注意力只放在一个损坏部件上，就忽视了中国崛起过程中的一个深层问题在此事中可能起到的作用：普遍的腐败和对道德的漠视已经导致被化学品污染的牛奶进入市场，质量低劣的桥梁和公路为了满足政治目标被匆匆建好。当国家电视台主持人邱启明脱离台本，在电视上连续发问时，他出人意料地成了这个时刻的代言人：“能不能让我们喝一杯放心的牛奶？能不能让我们住一套屹立不倒的楼房？能不能让我们走在城市的大马路不出现突然的坍塌？”\n		</p>\n		<p>\n			<br />\n		</p>\n		<p>\n			国务院总理温家宝别无选择，只能赶赴撞车现场，并发誓进行调查。“如果在查案过程中，背后隐藏着腐败问题，我们也将依法处理，毫不手软。”他说，“只有这样，才能对得起长眠在地下的死者。”人们没有忘记温总理的承诺。调查的首个期限到来了、过去了，而人们仍然继续要求进行更全面的清查。在12月，当局终于公布了一份史无前例的详尽报告。它承认“严重的设计缺陷”，“忽视安全管理”，在招标和测试中存在问题。报告还在政府和工业界问责了54人，以刘跨越为首。部长的名字成为“崩溃的系统”的代名词——这是揭黑杂志财新《新世纪》给铁道部起的名字，它证明了这样一种政治现实——用财新的原文说，“因为绝对的权力绝对会腐化，所以遏制贪污的关键是限制权力”。当我同一名参与这条铁路建设工作的工程师交谈时，他告诉我：“我无法具体指出哪些步骤被忽略了或者什么任务没有足够的时间来完成，因为整个过程都是被压缩的，从开始到结束。”他补充说：“在中国有一个说法：步子太大，容易扯着蛋。”\n		</p>\n		<p>\n			<br />\n		</p>\n		<p>\n			各种各样的丑闻已经成了中国崛起的背景音乐。人民共和国的公民以前从未对统治这个国家的人所享受的优待了解得如此之多。保护党的领导人免受仔细审视的帘幕，被财富、技术和令人瞠目结舌的草率举动共同拉开了。\n		</p>\n		<p>\n			<br />\n		</p>\n		<p>\n			在2月份，这种形势变得明朗起来。当时，一名公安局长同他在党内的靠山薄熙来闹翻，逃到了美国领事馆。他知道党内最高层领导进行谋杀和侵吞公款的事情，这是他整个职业生涯的价值所在。这个叫王立军的公安局长没有受到保护——他被控叛逃和受贿的罪名——但他的故事是掩盖不住的：曾经注定要继续高升的党内巨头薄熙来由于“收受巨额贿赂”、滥用职权及“其他涉嫌犯罪”被开除出党；他的妻子被控投毒杀害为这个家庭办事的英国人，审判结果是罪名成立。薄熙来的垮台也戳穿了简朴公仆的神话。据彭博社报道，当他的官方年薪折合19000美元时，其家族拥有的产业价值就超过1亿美元。薄熙来的传奇故事引发了关于其他党内大佬的谣言，虽然言论审查员竭尽全力在网上进行清除，但每个新故事听起来都比较不那么令人惊讶了，与其说是例外，倒不如说是规则。9月，海外中文报纸报道了在北京已经传了几个月的流言：中国国家主席的一个亲信的儿子在天快亮的时候驾驶一辆黑色法拉利撞毁在首都的高速公路上，而当时车里还有两个裸体女人陪着他。党正在准备将未来十年内统治国家的一批领导人推上前台，这个时候出事，简直是太痛苦了。\n		</p>\n		<p>\n			<br />\n		</p>\n		<p>\n			铁道部长刘志军最初看起来并不太可能会在众目睽睽之下戏剧性地颜面扫地。薄熙来是北京的婆罗门——一个党内大佬的儿子，身材很高，面对镜头谈笑自若。刘志军是农民的儿子，个子瘦小，视力不好，牙齿天包地。他在武汉郊外的村子里长大，十几岁就离开学校工作，手里拿着锤子和测量仪，沿着铁轨走，检查路况。他有一种与生俱来的对权力之路的感觉。在几个省份，一手好字是难得的技能；而刘志军将字迹练得极好，受教育不多的上级很信任他，让他代笔写信。通过婚姻，他进入了一个政治关系深厚的家庭，并在21岁就入了党。他不知疲倦地为铁路和自己大作宣传，一路青云直上，从省级铁路局局长的位子一直坐到北京的宝座，手握大权。到2003年，作为铁道部长，他指挥的官僚帝国在规模和独立性上仅次于军队，拥有自己的警察、法庭和法官，数十亿美元资金任他调遣。他的铁道部是国中之国，在中国被称作：铁老大。\n		</p>\n		<p>\n			<br />\n		</p>\n		<p>\n			刘志军将他凌乱的黑发往中间梳以掩盖秃顶，戴一副牛角材料的方框眼镜，这种眼镜在党的高层干部中非常流行，以至于被称为“领导眼镜”。刘志军的一名同事曾经同他密切合作，这名铁路员工告诉我：“从革命时代开始，大多数中国官员看起来就很相像。他们有一样的脸、一样的制服、甚至一样的个性。他们循规蹈矩地工作，满足于无所作为，坐等升迁。但刘志军不一样。”如果一份铁路上的工作真能用魅力经营，他就是决心这么干的。他喜欢半夜三更召开会议，并炫耀他的工作习惯。虽然他离权力最高层越来越近，但他从来没有停止过对上司溜须拍马。在一个夏天，当胡锦涛主席乘坐火车返回北京时，刘志军疯狂地跑过站台去迎接，皮鞋都快跑掉了。“我对他喊：‘刘部长，你的鞋！别掉了！’”这个员工回忆说，“但他根本没当回事。他继续满脸堆笑地跑着。”\n		</p>\n		<p>\n			<br />\n		</p>\n		<p>\n			刘志军的成功给他弟弟刘志祥带来了很多好处。刘志祥从进入铁道部后就一路高升。他爱讲俏皮话，个性反复无常——就像乔•佩西（Joe&nbsp;Pesci）在家庭中的角色（2）。2005年1月，他因涉嫌以下罪名被羁押：贪污、受贿及故意伤害——他授意谋杀一名试图揭发他的承包商。当时，他是武汉铁路局副局长。（被害人的妻子眼睁睁看着丈夫被用弹簧刀刺死。根据一份官方法律杂志报道，他曾在遗嘱里预言：“如果我被杀了，那一定是贪官刘志祥下的手。”）铁道部长的弟弟将火车票销售收入的一大部分敛进囊中，积累起价值相当于5000万美元的现金、房地产、珠宝、艺术品等财产。当调查人员逮捕他时，他住的地方钞票乱糟糟地堆积成山，已经开始发霉了。（储藏现金是中国腐败官员面临的最棘手的挑战之一，因为最大面额的流通纸币是一百元，价值约15美元。）他被判死缓，后来又减刑为16年有期徒刑。但是，他没有在重刑犯监狱里坐牢，而是被转移到医院，据说他在那里继续通过电话指挥铁路业务。\n		</p>\n		<p>\n			<br />\n		</p>\n		<p>\n			在北京，刘部长被忠实的部下簇拥着。这些部下的总头目是副总工程师张曙光，他曾经身着皮大衣披白围巾出席铁路会议，喜欢用“紧握的拳头”来形容自己的谈判方式。他在职业生涯的大部分时间里任客车处处长，这个位子赋予他对巨额开支的控制权。“事情全在他点头。”铁道科学研究院的退休研究员臧其吉对我说。张曙光没有多少科研经验，但他渴望树立威信，让两名教授以他的名字出了本书，以求跻身于一个精英学术协会（3）。（他以一票之差未能当选。）\n		</p>\n		<p>\n			<br />\n		</p>\n		<p>\n			刘志军把一切都押在高铁上。为降低通货膨胀对土地、劳动力和原材料成本的影响，他鼓吹速度高于一切。“我们一定要抓住机遇，快速推进大规模铁路建设。”他在2009年的一次会议上说。刘志军的野心和中国的威权主义是一种不稳定的组合。铁道部是自己的监管者，几乎没有监督，部长和他的手下对反对的声音毫不容忍。北京交通大学教授赵坚公开不同意快速建设高铁，刘志军召见了他，建议他保持安静。赵坚拒绝服从，随后北交大校长给他打电话。“他告诉我，不要再继续表达我的意见。”赵坚告诉我。赵教授仍然坚持反对立场，但他的担忧没人理睬——直到撞车。“那就太晚了。”他说。\n		</p>\n		<p>\n			<br />\n		</p>\n		<p>\n			对速度的痴迷是全方位的。这个系统迅速膨胀，供应商生产的几乎所有东西都能找到买家，无论质量如何。据调查，在温州撞车事故中失灵的信号系统是在自2007年6月起的6个月内由国有企业中国铁路通信信号集团公司开发完毕的。公司拥有约1300名工程师，但时间上的要求使其无暇顾及其他；撞车事故调查人员发现，负责信号系统的人员只进行了“宽松”的检查，“未能发现设备存在的严重设计缺陷和重大安全隐患”。主管此事的办公室“一片混乱”，“文件丢失”。然而，信号系统还是在2008年通过验收，并安装到全国各地。当铁路界颁发当年的新技术奖项时，信号系统获得了一等奖。但公司内部的一名工程师后来告诉我，当他发现这东西是匆忙交差的时候，并不感到惊讶。\n		</p>\n		<p>\n			<br />\n		</p>\n		<p>\n			还有其他可疑因素。2010年4月，日本东海旅客铁道株式会社会长葛西敬之说，中国正在建造的列车大量沿用日本设计。川崎重工威胁起诉中国在进行技术转让时将川崎的技术说成自己的，北京的铁道部对此抗议严加驳斥，称其为“心理状态脆弱和缺乏信心”的表现。葛西敬之还指出，中国的列车运行速度比日本所允许的快25％。“我们绝不会令其如此接近极限。”他对英国《金融时报》说。\n		</p>\n		<p>\n			<br />\n		</p>\n		<p>\n			在撞车前的最后几天，匆忙完工的铁路成了这一系列原因的组合中最后一个、也是致命的因素。6月，为向中国共产党成立90周年献礼，政府举行了最重要的一条线路——京沪线——的通车典礼。施工计划被削减了整整一年；投入运营的第一个星期中，晚点、电力故障频频发生。据一名铁道部下属的经理说，高铁工作人员被警告，如若再有晚点情况，他们的奖金将会受到影响。2011年7月23日晚上，当列车在铁道上拥塞时，调度员和维修人员竭力去修复出故障的信号灯，而忽视了最简单的解决办法：停住列车，恢复信号。撞车事故调查委员会副主任、中国工程院院士王梦恕告诉我：“维修人员对自己的工作不够熟悉，而且他们不想让火车停下来。他们不敢。”\n		</p>\n		<p>\n			<br />\n		</p>\n		<p>\n			当撞车发生时，刘跨越已不再担任铁道部部长。2010年8月，国家审计署对一家大型国有公司的账目进行审计时，发现一笔1600万美元的“佣金”，是付给中间人的，以换取高铁合同。这个中间人是一个叫丁书苗的女人，她也许比任何人都更能体现中国的铁路繁荣所创造的财富。丁书苗来自山西农村，是个目不识丁的农民，起初以养鸡卖鸡蛋为生。她身高1.78米，肩膀宽阔，讲起话来像汽笛。在20世纪80年代，当邓小平将这个国家转向市场经济时，她收购邻居们的鸡蛋，到县城去卖。当时，这种行为在没有执照的情况下是非法的。鸡蛋被没收了；多年之后，她还时时谈起遭遇过的困窘。后来，她适时地开了一家小餐馆，生意很好，她给有权的客人免单，吹嘘自己的成功。“如果她有一块钱，她会说有十块。”丁书苗的一名长期同事告诉我，“这让她看起来更有影响力，慢慢地，人们开始认为，他们能从与她的友情中受益。”\n		</p>\n		<p>\n			<br />\n		</p>\n		<p>\n			丁书苗的餐馆成了煤老板和政府官员经常光顾的地方，不久之后，她插手煤炭货运。当时她做的事用铁路上的话说叫“倒车皮”：跑关系，以低价拿到紧俏货运线路的车皮，然后——根据王梦恕的说法——“以购入价的10倍”转手。她同刘跨越从2003年左右开始有交情，从那时起，她利用在铁路业务上的关系大赚特赚。她的公司博宥集团入股合资企业，向铁道部提供轮对、声障以及其他设备。据中国新华社报道，在两年时间里，博宥的资产增长10倍，到2010年已达6.8亿美元。\n		</p>\n		<p>\n			<br />\n		</p>\n		<p>\n			“书苗”这个名字显示了她的农村出身，所以在风水顾问的建议下，她改名为“羽心”。她很容易受到嘲笑——人们叫她“傻娘”丁夫人——但她是个培育业务关系的天才。她的一个长期同事告诉我：“当我试图教她如何分析市场、如何经营公司时，她说：‘我并不需要了解这些。’”财新网记录了她大胆的高攀之举。为了获得外国合同，她投资支持一家“为国际外交官”服务的俱乐部，这家俱乐部在2010年设法请到了英国前首相托尼•布莱尔（Tony&nbsp;Blair）来访。她举办的奢华酒会吸引了中央政治局成员。她当上了省政协委员，并大做慈善，以至于她在2010年《福布斯》中国慈善家名单上排名第六。\n		</p>\n		<p>\n			<br />\n		</p>\n		<p>\n			据《环球时报》报道，丁书苗于2011年1月因涉嫌收取回扣总额达6700万美元而被羁押。（铁道部还指责她利用关系运作刘志军弟弟的保外就医事宜。）\n		</p>\n		<p>\n			<br />\n		</p>\n		<p>\n			和其他很多人一样，丁书苗知道政府审计人员后来才发现的事情：中国最有名的公共工程项目是一个几乎完美的滋养腐败的生态系统——不透明、无监督、充溢着现金，尤其是当政府宣布为减弱2008年全球金融危机的影响而推行经济刺激计划后。这个计划将2010年用于铁路建设的投资增加到超过1000亿美元。在一些情况下，招标期从5天缩减到13小时。而在另外一些场合中，投标纯粹是走过场，因为施工已经开始了。现金突然消失已经见怪不怪了：在一个真实案例中，专门用于拆迁补助的7800万美元凭空不见了。中间人将总款项的1％到6％揣进腰包。“如果一个项目是45亿，那中间人就带回家2亿，”王梦恕说，“而且，当然没有人说一个字。”\n		</p>\n		<p>\n			<br />\n		</p>\n		<p>\n			其中最常见的做法是非法分包。一个合同可以被分成几部分卖出以拿到回扣，然后又被转卖一遍又一遍，直到到达劳动食物链的底部——这里的工人是廉价而缺乏技术的。（这种做法其实并不是铁路业界所独有的：2010年，非法分包商雇用的一个新手焊工在上海的一幢宿舍楼作业时，掉落了焊枪，整幢楼燃起大火，58人死亡。）2011年11月，一个曾经是厨师、没有工程经验的人被发现在带着一群没有技术的民工建造一座高铁桥梁，&nbsp;他们在地基里用碎石取代水泥。在铁路圈里，用廉价材料代替真正应该用的材料的做法非常普遍，值得用个专门的词来描述：偷梁换柱——把房梁偷下来，放到柱子里。\n		</p>\n		<p>\n			<br />\n		</p>\n		<p>\n			有这么多的回扣，倒过这么多道手，一部分铁路远远超过预算就不足为奇了。广州的一个火车站预算为3.16亿美元，结果花了这个数字的7倍。铁道部是如此之大，以至于部里的官僚会创建虚构的部门，为它们申请开支。采购是贪污的黄金机会。该部花了近300万美元拍了一个5分钟的宣传片，基本上没有播出过。这个片子令调查人员注意到铁道部宣传处副处长——一个家里有150万美元现金和9个房产证的女人；她的丈夫也在铁道部工作，被发现拥有大量购物卡——比收取现金贿赂更为谨慎一点。其他政府机构也有严重的财务问题——在50个机构中审计人员发现49个有问题——但在铁路世界发生的掠夺，其规模超乎寻常。透明国际（Transparency&nbsp;International）的亚洲问题专家廖然告诉《国际先驱论坛报》，中国的高铁形成了“不仅在中国，也许在世界上也是最大的一桩金融丑闻”。\n		</p>\n		<p>\n			<br />\n		</p>\n		<p>\n			在大多数国家，大规模高层腐败的影响很容易预测：经济学家已经计算出，一个国家的腐败程度每上升一个点（程度以1到10衡量），其经济增长就会下降1%。（想想弗朗索瓦•杜瓦利埃（François&nbsp;Duvalier）统治下的海地或蒙博托（Mobutu）统治下的扎伊尔。）但那些例外是很重要的。在日本和韩国，与腐败相随的是国家的崛起，而不是崩溃。没有比美国更突出的例子了。推动建设第一条横贯大陆的铁路的人被发现在偷偷向自己付建设费，被称为1872年信用流通者公司（Crédit&nbsp;Mobilier）丑闻。媒体这样形容这桩腐败丑闻的严重程度：“在世界目光下，赤裸裸地进行着官方和私人的罪恶和腐败的最具毁灭性的展示。”在1866年到1873年之间，美国建设了超过56000公里的铁路，创造了巨大的财富，但同时，也正如马克•吐温（Mark&nbsp;Twain）所说的那样，展示着“可耻的腐败”。（马克•吐温同查尔斯•达德利•华纳（Charles&nbsp;Dudley&nbsp;Warner）合著的小说《镀金时代》（The&nbsp;Gilded&nbsp;Age）赋予了这段年代名字。）铁路的过度繁荣导致了1873年经济恐慌（Panic&nbsp;of&nbsp;1873）和随后的金融危机，在后来的进步时代（Progressive&nbsp;Era）（4），从政治上对权力滥用进行限制的做法得到广泛采用。\n		</p>\n		<p>\n			<br />\n		</p>\n		<p>\n			在中国，就像在美国一样，腐败和经济一同蓬勃发展。在20世纪80年代，一条红双喜香烟足以换取一次工作调动或一张洗衣机票。但在1992年，中国开始允许土地和工厂为私人拥有，腐败就是从此时开始加速的。据汉学家安德鲁•韦德曼（Andrew&nbsp;Wedeman）测算，现在一年内从每起腐败案件中缴获财物的平均价值增长了两倍以上，达到6000美元。爱马仕包、跑车、子女出国留学的学费代替了一条条的红双喜香烟。生意数额越大，就需要经过越高级别的干部批准，贿赂随之递向高层。\n		</p>\n		<p>\n			<br />\n		</p>\n		<p>\n			我认识一个叫胡刚的作家，他现年50岁，身材瘦小，做事一丝不苟，而他恰好是行过贿的人之一。他是一家拍卖行的经理，在这个行当里，一个法官的签字就能批准对楼房、土地和其他财产进行拍卖，也意味着高额佣金。似乎每个人都在拿钱，胡刚说。“于是，我就开始想，如果他们能做，我为什么不能？”胡刚颇有行贿天赋；他向法官送礼——先是香烟，然后是宴会，然后是按摩院。他遵守一些自己制定的规则：从不向陌生人行贿；将送现金的时间放在秋天，此时学费账单会下来。不久，他就需要应付很多法官，以至于一天要跑按摩院三趟。五年后，他的资产达到150万美元。然后，他在一次常规打击活动中被捕，在监狱里蹲了一年。\n		</p>\n		<p>\n			<br />\n		</p>\n		<p>\n			官员和商人组织成“保护伞”，相互勾结，中国学者将这个步骤称作国家的“黑手党化”。到2007年，中国学者裴敏欣发现，中国近一半省份的历任交通厅长都曾腐败而入狱。腐败消耗了中国GDP的3%，在今天也就是2000亿美元，超过国家的教育预算。从那时起，贪腐的机会更加多元化了。今年夏天，国家的权威语言工具书《现代汉语词典》典，增加了一个新词：买官，解释为“购买在政府中的晋升”。\n		</p>\n		<p>\n			<br />\n		</p>\n		<p>\n			今天，中国政府官员面对的诱惑的规模是西方国家从未遇到过的。据彭博社报道，全国人大最富有的70名代表在2011年获得的财富比美国总统、内阁、国会所有议员及最高法院全体法官的总净资产还要多。彭博进一步在6月报道说，中国即将上任的主席习近平的家族有数千万美元的房地产和金融资产。彭博社网站从那时起一直被政府屏蔽。\n		</p>\n		<p>\n			<br />\n		</p>\n		<p>\n			关于腐败如何影响中国的未来，有两个基本观点。乐观的情况是，它是从雄心勃勃的从社会主义过渡到自由市场经济的计划的一部分，高速公路和火车令发达国家都羡慕不已。在7月，美国运输部长雷•拉胡德（Ray&nbsp;LaHood）对一名记者说：“中国人更成功，因为在他们的国家，做决定的只有三个人。在我们的国家，三千个人做决定。”\n		</p>\n		<p>\n			<br />\n		</p>\n		<p>\n			另一种观点认为，人民同领导人之间的契约正在消解，统治阶级在经济疯狂增长的最后几年争先恐后地尽其所能大捞特捞；在自我内部改革上，党将没有能力比苏联人做得更好。去年，中国央行的一份内部报告意外泄露，其中估计，&nbsp;自1990年以来，有18000名贪官外逃，卷走了1200亿美元——这么多钱足以买下迪斯尼或亚马逊。政府已发誓让官员们放弃高级香烟和鲨鱼翅羹，但保持警觉的中国的博客写手仍在发布照片：戴着奢侈手表的干部，停着涂成蓝白色的玛莎拉蒂和保时捷的警察局。下个月即将离开政治局的温家宝总理都称，腐败是“执政党的最大危险”——对这个威胁听之任之，可能会“人亡政息”。\n		</p>\n		<p>\n			<br />\n		</p>\n		<p>\n			2011年2月，火车相撞事故五个月前，党终于拿下了刘志军。据王梦恕说，调查人员得出的结论是，刘志军准备用其违法所得大肆行贿，把自己弄进党的中央委员会，最终进入中央政治局。“他告诉丁书苗：‘给我准备4亿。我要撒一些钱。’”王梦恕告诉我。4亿元人民币折合约6400万美元。王梦恕说，刘志军实际上设法弄到了1300万。“中央政府担心，如果他真的成功行贿4亿，那他基本上肯定能买下一个政府的位子。这就是他被逮捕的原因。”\n		</p>\n		<p>\n			<br />\n		</p>\n		<p>\n			接下来的5月，刘志军被开除党籍，原因为“严重违纪”和“对铁路系统出现的严重腐败问题负有主要领导责任”。官方媒体的一则报道中称，刘志军在铁路项目中收取4%的回扣；另一篇报道说他收取了1.52亿美元的贿赂。他是近五年来的因腐败被捕的最高级别官员。但是，刘志军的私人生活更加令人惊奇。铁道部指责他有“不正当性行为”，香港报纸《明报》报道说他有18名情妇。据说，他的朋友丁书苗让她投资的电视节目中的女演员排成一排，供刘志军挑选。中国官员经常被发现犯有多种肉欲之罪，这促使胡锦涛主席在几年前发表讲话，警告同志们要抵抗“权力、金钱、美色的诱惑”。但刘跨越和女人鬼混的形象及拥有18名情妇所需的高超后勤保障水平，让他跨过了界限。我问刘志军的同事，情妇的故事是不是真的，他答道：“你对情妇的定义是什么？”\n		</p>\n		<p>\n			<br />\n		</p>\n		<p>\n			刘志军落马时，至少8名其他高级官员已被拿下进行调查，包括他整天四处吹牛的助手张曙光。当地媒体报道称，张曙光年薪不到5000美元，但却买下了洛杉矶附近的一座豪宅，这引发了猜测，坊间认为他准备加入卷款外逃官员大军。（近年来，将家庭成员送到海外的腐败干部在中国被称为“裸官”。）\n		</p>\n		<p>\n			<br />\n		</p>\n		<p>\n			我花了几个月，就刘志军的起落访问了许多人，他的经历似乎让敌人和朋友都感到迷惑。刘志军的对手都承认，他并不像许多贪官污吏那样：实际上他在在位期间做到了一些事情，并建设了一套铁路系统——如果其中的问题能被改正，最终会使国家受益。为他辩护的人支支吾吾地说，他并没做任何他的同僚没做的事。一位和蔼可亲的退伍军人是刘志军的同事，他对我说，从某时起，避免腐败对刘志军来说变得困难：“现在在系统内部，如果你不受贿，就必须得走人。没有留下来的法子。如果我们三个人都在一个部门，而你是唯一一个不收礼的，那另外两个人会觉得安全吗？”\n		</p>\n		<p>\n			<br />\n		</p>\n		<p>\n			不久之前，我遇到了一个铁路分包商。我问他，自从刘志军倒台以来，情况是不是变好了。他毫不幽默地笑了一下。“他们表演了一番，但规则仍然是一样的。”他说。“他们把丁书苗逮起来了，但她只是一个人。还有很多、很多的丁书苗。”我管他叫李雪（音），他54岁，说话时总是像在咆哮，户外生活的风霜体现在脸上，但我们见面时他很风趣，又很放松，我立刻喜欢上了他。他一辈子都在开凿铁路隧道——拉起队伍，凿穿山体，然后搬到下一个工作地点。他现在已经当爷爷了，并为国家在他的一生中取得的建设成果感到骄傲。“美国一直在批评我们的人权，”他说，“这是我们的弱点。但搞建设是我们的强项。我们能很快把人拉到一块。老板不用听任何人的意见，自己做决定。”\n		</p>\n		<p>\n			<br />\n		</p>\n		<p>\n			一个周末，李雪邀请我到他最近在工作的地方去，是在河北的石头山里，距北京几个小时的车程。吃午饭时，他若有所思地谈到了他所说的“黄金时代”，几年前，成本较低，官员对可以在暗地里捞多少还没什么概念。“我们现在送出去的贿赂在不断增长，”他说，“我们才是被压迫的人。”\n		</p>\n		<p>\n			<br />\n		</p>\n		<p>\n			我们钻进他的黑色奥迪轿车，爬上公路，开进山里，转上一条车辙密布的泥泞小路，路两旁是玉米地和农家的砖房。我问他是否很享受和开凿隧道相伴的吃喝活动。他摇摇头。“太累了。”他说，开始解释贿赂的分类，“部门领导，然后是经理和仓库负责人。你一定要打点他们，就像拜佛——不拜，就会遇到麻烦。”最难过的日子是开工那几天，每个人都露面，都觉得应该拿一份。“我们花了一大笔钱在这上面。”他说。最近，他将跑关节的任务交给了一个年轻同事。“他做得真不错。”他说。\n		</p>\n		<p>\n			<br />\n		</p>\n		<p>\n			我们到了一处高地，有几台挖掘机和推土机，把车停在一条进入山坡的隧道外。李雪向我介绍搞爆炸的工头，是个瘦瘦的男人，20多岁，头发仔细打理过，向上直竖着。我问他在哪学的技术。“自学成才。”他说。\n		</p>\n		<p>\n			<br />\n		</p>\n		<p>\n			李雪朝泥地上吐了口痰，递给我一顶安全帽。隧道里又冷又黑，高约10米，工作灯照亮了光滑的隧道顶的边缘。李雪一生中已经挖了10条隧道，而这一条是最长的——从头到尾超过3公里。\n		</p>\n		<p>\n			<br />\n		</p>\n		<p>\n			一段时间后，我们遇到了一组工人，一共8名，穿着棉鞋，戴着安全帽，身着旧军装。他们正在把一个沉重的铁框架推进隧道的侧门。他们喊着号子，用尽全力，有人滑倒在泥地里。一个灯泡提供着照明。这个场景像是在1912年，而不是2012年。李雪说，10天前，他遇到了一个问题：负责隧道的分包商没给他钱，现在他不得不解雇工人，停止挖掘。铁道部不再像以前那样有钱了，一路下来，到他这里的钱就变少了。\n		</p>\n		<p>\n			<br />\n		</p>\n		<p>\n			“我想洗手不干了。”他说，“赚钱越来越难。我们以前得到的报酬几乎分文不值，而现在我们甚至拿不到钱。我为什么还要继续做下去？”我们接着向前走，我能在墙上苍白的灯光里看到自己的呼吸。隧道深处，我们再也听不到入口附近的工人发出的叮当声。李雪似乎心不在焉。“当官的越来越贪婪。”他说，“过去，我们只要挖隧道，当地的官员就会到施工现场来看看。现在他们只呆在宽敞漂亮的办公室里，敛钱。”\n		</p>\n		<p>\n			<br />\n		</p>\n		<p>\n			在我们头上已经没有处理过的隧道顶了，前方是淤泥和黑暗。在某一秒种，所有一切都沉默了，除了前方某处洞顶上流水发出的哗哗声。“我们得止步了，”他说，“再往前走就危险了。”\n		</p>\n		<p>\n			<br />\n		</p>\n		<p>\n			温州撞车事故发生几个星期后，铁道部公布了一系列安全措施：召回54列子弹头列车，测试其可以导致列车不必要停车的传感器；停止建设新铁路线；命令列车将最高时速从350公里降到300公里。但没过多久，铁路又恢复了快速增长，温州撞车事故的一周年纪念活动被严格控制。官方媒体收到不得去现场的禁令，幸存者被警告要闭上他们的嘴巴。其中一个名叫邓乾（音）的20多岁的男子当天试图访问事故发生地，警察尾随着他，录下他的一举一动。“他们给我发出的信号是明确的：我现在是他们的敌人、他们的威胁。”他告诉我，“我认为他们会永远注意我们。”\n		</p>\n		<p>\n			<br />\n		</p>\n		<p>\n			亨利•曹在挣扎。他在中国的医院躺了5个月，他骨折了，神经受损，被摘除肾和脾，只能慢慢恢复。他一次只能保持几个小时的清醒状态，而且神智很容易迷惑不清。回到科罗拉多的家中后，他不得不关闭照相器材业务。“其实我觉得我想死了算了，”他告诉我，“活着还有什么意义，当你所为之奋斗的一切都……”政府为其父母的死亡向他家赔偿284000美元，另为他自己所受到的伤害赔偿85000美元。8月，他和他的兄弟利奥（Leo）飞到中国来领取父母的遗体。他们要求在福建老家村里举行追悼仪式，但被政府禁止了；父母被埋葬在长岛的一个公墓里。&nbsp;\n		</p>\n		<p>\n			温州的撞车和刘志军的倒台成了共产党面临的重大风险的象征。中产阶级已经接受了中国后社会主义时期的政治代价：只要党的能力还说得过去，就不挑战党的统治地位。但列车的相撞对他们是个打击。撞车事故违反了这个契约，而且对许多人来说，它的意义就像“卡特里娜”飓风对美国人那样：政府失败的标志性体现。这是个无情的判决。驻北京的世界银行高级基础设施专家杰拉尔德•奥利维尔（Gerald&nbsp;Ollivier）指出，列车仍是在中国目前最安全的交通方式之一。“如果你仔细想想的话，中国高铁每年必须运送至少4亿人。”他说，“在过去的4年里，中国高铁上有多少人死亡？40人。在中国，每五六个小时，在道路交通事故中死亡的人就会达到这个数字。因此，在安全性方面，这是迄今为止最安全的运输方式之一。这起去年发生的事故是很悲惨的，是不应该发生的，但是，相比用汽车完成运输任务来说，它的安全程度至少高100倍。”然而，在中国，人们更倾向于引用一个非常不同的统计数字：在日本高铁运营的47年中，仅有1人死亡——一名在关门时被夹住的乘客。\n		</p>\n		<p>\n			<br />\n		</p>\n		<p>\n			中国最近的丑闻似乎加速了一个真相时刻的到来：新的中央政治局班子下月就职，他们现在知道人民已经不像以前那样对从国家崛起过程中所得到的好处感到满足。党在一代人的时间里使五亿国民摆脱贫困，建设了一个以前根本无法想象的物质和经济世界。然而，人民看不出为什么不能要求得到更多：现在中国政府在国内安保上的支出比国防开支还多，让每天都在展现的公众的怨言和不满不致危及统治。尽管审查员十分努力，中国人还是可以在网上读到，他们的领导人吃的是在边远地区的有人把守的农场种植的无公害蔬菜，呼吸的是被过滤器清洁过的空气。薄熙来和刘跨越的倒台使权力肆意横行的文化更加戏剧化了。多年来，刘志军和薄熙来致力于在使国家繁荣的同时也为自己打造一个锦绣前程。他们对这两者的比例失去了把握；现在的问题是，他们的政府是否也这样了。\n		</p>\n		<p>\n			<br />\n		</p>\n		<p>\n			刘志军将接受审判。开庭日期是国家机密，但最终判决不是。98%在中国进行的审判以被告获罪结束，但预测刘志军命运的最可靠的依据是，党已经开始举行其为时最久的仪式之一了。正如技术人员将政治斗争的受害者从档案和画像中涂去一样，审查员将去年的网络内容中为刘志军的成绩欢呼喝彩的新闻报道和纪录片统统删除，留下的只有一些报道他被捕的零星片段。刘跨越在中国成就史中被彻底抹掉，你可能永远不会知道他的存在。♦\n		</p>\n		<p>\n			<br />\n		</p>\n		<p>\n			1.&nbsp;188英里合300公里。\n		</p>\n		<p>\n			2.&nbsp;乔•佩西，美国演员，在多部著名黑帮影片中饰演此种性格的角色。\n		</p>\n		<p>\n			3.&nbsp;精英学术协会指中科院。张曙光曾“竞选”中科院院士。\n		</p>\n		<p>\n			4.&nbsp;“进步时代”在美国指19世纪90年代到20世纪20年代。\n		</p>\n	</p>\n</span>\n</p>','3346da642d9332bb9a8946ee0a030e4d',1350828613),(4,6,'英国人的嗜酒之风正在平息','http://article.yeeyan.org/view/284070/326566','<p>译者  <a href=\"http://space.yeeyan.org/u/284070\">monkey121</a></p><p style=\"text-indent: 21.2pt;\">\n	<span style=\"font-family: \'Microsoft YaHei\'; font-size: 18px;\"><strong>英国人的嗜酒之风正在平息\n	<p>\n		<br />\n	</p>\n</strong></span> \n</p>\n<p style=\"text-indent: 21.2pt;\">\n	<br />\n</p>\n<p style=\"text-indent: 18.2pt;\">\n	<span style=\"font-size: 9.0pt;\"></span> \n</p>\n<p style=\"text-indent: 21.2pt;\">\n	<span></span> \n</p>\n<p style=\"text-indent: 18.2pt;\">\n	<img src=\"http://media.economist.com/sites/default/files/imagecache/290-width/images/print-edition/20121006_BRP004_0.jpg\" /> \n</p>\n<p style=\"text-indent: 18.2pt;\">\n	<span style=\"font-size: 9.0pt;\"><br />\n</span> \n</p>\n<p style=\"text-indent: 21.2pt;\">\n	<span>今年早些时候，英国首相卡梅伦颁布了一项强制取缔酗酒的法令。一项进行了五年的调查结果呈现了英国大多数年轻人没有节制的生活状态，就算首相认为酗酒问题由来已久，但当酗酒人数达到了自第一次世界大战结束后一千年来的顶峰，限酒的举措势在必行。据一项官方调查显示，</span><span style=\"font-size: 14px;\">2004</span><span>年一年的酒精摄入量是人均</span><span style=\"font-size: 14px;\">8.3</span><span>升，减少了八分之一，税收的结果也指向了同样的结论。</span> \n</p>\n<p style=\"text-indent: 21.2pt;\">\n	<span style=\"font-size: 14px;\">年轻人是酗酒的第一大群体。</span><span style=\"font-size: 14px;\">2003</span><span>年的一次采访中，有</span><span style=\"font-size: 14px;\">70%</span><span>的年龄在</span><span style=\"font-size: 14px;\">16</span><span>至</span><span style=\"font-size: 14px;\">24</span><span>岁之间的年轻人表示他们上一周饮过酒；截至</span><span style=\"font-size: 14px;\">2010</span><span>年，同类情况只占</span><span style=\"font-size: 14px;\">48%</span><span>；</span><span style=\"font-size: 14px;\">11</span><span>至</span><span style=\"font-size: 14px;\">15</span><span>岁人群中前一周饮过酒的记录也比上年同期减少了一半；酗酒情况严重的酒会的次数也减少了。（不同的是，老年饮酒群体的人数自九十年代后期以来一直很稳定。）波普甜酒（一种果汁酒精混合饮品）昙花一现的命运很有象征意义，它们大力迎合年轻女性群体的特性但遭到了一股鄙弃之潮，今天的青少年们更不会为其所动。</span> \n</p>\n<p style=\"text-indent: 21.2pt;\">\n	<br />\n</p>\n<p style=\"text-indent: 21.2pt;\">\n	<span></span> \n</p>\n<p style=\"text-indent: 21.2pt;\">\n	<span>对于这种下降趋势没有一个令人完全满意的解释。年轻饮酒者的人数早在金融危机前就下降了；移民行为带来了宗教意义上的戒酒者，但这种影响也是不成气候的。上一届政府试图引进</span><span style=\"font-size: 14px;\">24</span><span>小时全天开放的欧式咖啡馆文化，这或许可以使酌饮多一点乡土气息、少一点纸醉金迷——如果城郊处的酒馆能晚一个小时关门，人们就会懒得坐车去城里的酒馆。但是大多数酒馆也没有延迟多少关门时间。更普遍的情况是，饮酒者们各自归家，酒吧和夜总会的现场销售量在十年里减少了三分之一。</span> \n</p>\n<p style=\"text-indent: 21.2pt;\">\n	<span>文化转变也是引起饮酒人数降低趋势的一个原因。兰开斯特大学的犯罪学家</span><span style=\"font-size: 14px;\">Fiona Measham</span><span>认为，酗酒和吸毒行为有个</span><span style=\"font-size: 14px;\">10</span><span>至</span><span style=\"font-size: 14px;\">15</span><span>年的循环模式，因为每一代人都会对自己上一代人的行为有抵触，她认为豪饮的魅力已经不复存在了。还有人认为现在人们的饮酒习惯是两极分化的，那些有节制的人越来越多，大大超越了酗酒无度的那小部分群体。年轻人现在有诸如脸谱网及其他的娱乐方式，恩德斯分析公司的数据显示周五和周六晚上黄金时段的电视收视率增长了。经济萧条减少了个人可支配的收入，因此助长了这种现象。</span> \n</p>\n<p style=\"text-indent: 21.2pt;\">\n	<span>酒馆和夜总会深感不安，酒水行业却要泰然得多。酒类公司关注的不是扩大销量，而是提高利润，也就是瑞士联合银行的分析小组所称的市场的“高档次商品”。</span> \n</p>\n<p style=\"text-indent: 21.2pt;\">\n	<br />\n</p>\n<p style=\"text-indent: 21.2pt;\">\n	<span></span> \n</p>\n<p style=\"text-indent: 21.2pt;\">\n	<span>这种趋势同时减少了公共伤害事件的发生频率。在</span><span style=\"font-size: 14px;\">2007</span><span>年至</span><span style=\"font-size: 14px;\">2010</span><span>年之间，呼气测醉器的检测数增加了，而醉酒驾驶的记录则减少了三分之一；酗酒案件自</span><span style=\"font-size: 14px;\">2000</span><span>年以来减少了一半。但另外还有一个问题挥之不去：去年，医院的住院患者中有四分之三的人是由于饮酒习惯导致慢性病发作的，比之一次性的豪饮，长期饮酒习惯成为了另一种隐患。议会的卫生健康委员会会长</span><span style=\"font-size: 14px;\">Stephen Dorrell</span><span>呼吁政府的酒精政策需要更多地关注公共健康。宴会上的一派欢乐景象，也可能为以后的生活留下弥久的遗憾。</span> \n</p>\n<p style=\"text-indent: 21.2pt;\">\n	<span><br />\n</span> \n</p>\n<p style=\"text-indent: 21.2pt;\">\n	<span><strong>相关阅读：</strong></span> \n</p>\n<p style=\"text-indent: 21.2pt;\">\n	<span></span> \n</p>\n<p>\n	<b><i><span>First Drinks pushes premiumisation</span></i></b> \n</p>\n<p>\n	<span style=\"font-size: 9.0pt;\"><a href=\"http://www.cnwinenews.com/html/201107/26/20110726105909117349.htm\">http://www.cnwinenews.com/html/201107/26/20110726105909117349.htm</a></span> \n</p>\n<p>\n	<b><i>Cider\'s rise -- Truly scrumpy?</i></b> \n</p>\n<p>\n	<a href=\"http://www.economist.com/node/21564221\">http://www.economist.com/node/21564221</a>\n</p>\n<p>\n	<br />\n</p>\n<div>\n	<p>\n		<br />\n	</p>\n</div>','183269f2fc1b5fde7e8690b0bd5d4111',1350828613),(5,6,'昂山素季：从民主的符号到本色的回归','http://article.yeeyan.org/view/302450/326538','<p>译者  <a href=\"http://space.yeeyan.org/u/302450\">chenxiaoxin</a></p>&nbsp;\n<p>\n	<span>作者：</span><span style=\"font-size: 18px;\"><span style=\"font-size: 18px;\">Larry Diamond</span></span>\n</p>\n<p>\n	<span>&nbsp;&nbsp;&nbsp; <span style=\"font-size: 16px;\">在美国政党政治中弥漫着一种犬儒主义的氛围时，缅甸抵制独裁的象征——昂山素季的到访有如一阵清风。</span></span><span style=\"font-size: 12pt;\"><br />\n<img alt=\"Aung-San-Suu-Kyi-Banner.jpg\" height=\"230\" src=\"http://cdn.theatlantic.com/static/mt/assets/international/Aung-San-Suu-Kyi-Banner.jpg\" width=\"615\" /></span>\n</p>\n<p>\n	<span><span style=\"font-size: 16px;\">&nbsp;&nbsp;&nbsp; </span><span style=\"font-size: 16px;\">在人的天性里，总希望有可以让自己崇拜和模仿的领袖，也希望领袖能反过来激励自己。随着瓦茨拉夫·哈维尔的离世，以及尼尔逊·曼德拉逐渐淡出人们的视野，昂山素季夫人，亦或如其缅甸同胞所尊称的“道·素”【见注释</span></span><span style=\"font-size: 16px;\">1</span><span>】，如今成了世界范围内唯一一位，象征人们对自由与人格尊严的追求的人物。</span><span style=\"font-size: 12pt;\"><br />\n</span><span><span style=\"font-size: 16px;\">&nbsp;&nbsp;&nbsp; </span><span style=\"font-size: 16px;\">绝大多数民主和解放运动领导人都难以做到名副其实——他们符号价值往往大于实际意义。近距离观察他们，你可以发现（他们身上有）很多人性的弱点：自大、易怒、不安全感、刻板、鼠目寸光。同样的，昂山素季也不全像其忠实拥趸心中所勾勒的圣人形象。“我也有自己的缺陷和弱点”，她在旧金山这样告诉缅甸的听众。很多缅甸的民主人士希望她能够集思广益。其领导的全国民主联盟（</span></span><span style=\"font-size: 16px;\">NLD</span><span>）也亟需启动拖延已久的组织改造。不过就道德明晰性、个人勇气和政治视野而言，她的确独树一帜，是具有全球影响力的民主的良心和坚守民主制度的楷模。</span><span style=\"font-size: 12pt;\"><br />\n</span><span><span style=\"font-size: 16px;\">&nbsp;&nbsp;&nbsp; </span><span style=\"font-size: 16px;\">和哈维尔、曼德拉和自由的良心（她经常引用的）圣雄甘地一样，昂山素季在承受个人的痛苦和牺牲过程中树立了自己道德典范的形象。从</span></span><span style=\"font-size: 16px;\">1989</span><span>年</span><span style=\"font-size: 16px;\">7</span><span>月之后的</span><span style=\"font-size: 16px;\">21</span><span>年里，她有</span><span style=\"font-size: 16px;\">15</span><span>年是被软禁在仰光的，（在这段时间里）她基本和家人断了联系。就连丈夫去世，她也没能见上最后一面。</span><span style=\"font-size: 16px;\">2010</span><span>年</span><span style=\"font-size: 16px;\">11</span><span>月，缅甸举行大选，在军政府支持的候选人获得压倒性胜利之后，昂山素季终于结束了她的囚徒生活，重获自由。这标志着缅甸政治开放进程的启动和迈向自由的转折点。其意义，堪比</span><span style=\"font-size: 16px;\">1990</span><span>年曼德拉从南非监狱获释。</span><span style=\"font-size: 12pt;\"><br />\n</span><span><span style=\"font-size: 16px;\">&nbsp;&nbsp;&nbsp; </span><span style=\"font-size: 16px;\">在返回缅甸后的近四分之一个世纪以及</span></span><span style=\"font-size: 16px;\">1990</span><span><span style=\"font-size: 16px;\">年在缅甸选举中大获全胜却遭军政权无情取消的曲折经历，让昂山素季成为美国国内最受崇拜的外国领导人之一。正因如此，她迟来已久的美国之行（</span><span style=\"font-size: 16px;\">遭软禁后的第一次</span><span style=\"font-size: 16px;\">），成了一桩值得纪念的盛事。在外国政治运动领袖中，或许没有人能够像他这样，把（美国）自由派和保守派、共和党人和民主党人、奥巴马和麦凯恩，老和少以及不同信仰、不同种族的人聚集在一起。这点在她令世人瞩目的</span></span><span style=\"font-size: 16px;\">17</span><span>天访美行程中体现得尤为明显。她的访问，旋风式地覆盖了美国的八座城市，她的足迹，遍布了无数的集会场所，从国会大厦圆形大厅（</span><span style=\"font-size: 16px;\">2008</span><span>年她在这里获得了国会金质勋章，不软禁尚未解除）到大学校园，从私人招待会到大量美籍缅甸人为这位即将重获新生的国母所举行的虔诚欢迎会。身影所及，无不人气空前，一票难求。上周六上午，她在旧金山大学给当地缅甸社区演讲，传递希望及和解的信息、表达获得帮助的诉求。国会少数派领袖南希·佩洛西（</span><span style=\"font-size: 16px;\">Nancy Pelosi</span><span>）、参议院黛安·费恩斯特恩（</span><span style=\"font-size: 16px;\">Dianne Feinstein</span><span>），前国务卿乔治·舒尔茨（</span><span style=\"font-size: 16px;\">George Shultz</span><span>）和旧金山市长李孟贤（</span><span style=\"font-size: 16px;\"><span>Ed Lee</span></span><span>）【该市首位民选华裔市长——译者注】均耐心地坐在木质椅子上，戴着同声传译的耳麦全神贯注地聆听。</span><span style=\"font-size: 12pt;\"><span style=\"font-size: 16px;\">&nbsp;</span><br />\n</span><span><span style=\"font-size: 16px;\">&nbsp;&nbsp;&nbsp; </span><span style=\"font-size: 16px;\">昂山素季的从容优雅让美国人卸下心中的防备、她身上透着一种温柔而果敢的自信，她恪守着甘地那种对</span><span style=\"font-size: 16px;\">自由、宽恕和非暴力的承诺。一些人期望她追究（当局）那些比软禁更为严重的反人道罪行，或者要求事实与和解委员会做出某种解释——而她则力劝各方，（要妥善解决这类事情）必须代之以一种更为务实与对话的精神。“我们要学会让步，而不是简单将它当做一种丢脸的事”，她这样告诉自己的同胞。她用不同的方式重复强调，当务之急是重塑一个被军人政权蹂躏长达</span></span><span style=\"font-size: 16px;\">50</span><span>年，遭受了必要但损害极大的国际制裁的羸弱之邦。</span>\n</p>\n<p>\n	<span><span style=\"font-size: 16px;\">&nbsp;&nbsp;&nbsp; </span><span style=\"font-size: 16px;\">混杂着缅甸一些好斗的人权事业拥护者的呼声，她支持解除美国对缅甸的经济制裁。然而她也呼吁人们要保持耐心和审慎，警惕外国资本任意入缅的“淘金热”。我们要的是有助于民主和人权事业的投资者”，她这样向在旧金山向亚洲基金会的听众说。持续了半个世纪的衰败，给缅甸</span></span><span style=\"font-size: 16px;\">15</span><span>至</span><span style=\"font-size: 16px;\">55</span><span>岁的人群（一拨拨“失落的一代”）留下了一道巨大社会创痕。缅甸要走出困境，需要而且是亟需经济、社会和政治援助。</span><span style=\"font-size: 12pt;\"><br />\n</span>\n</p>\n<p>\n	<span><span style=\"font-size: 16px;\">&nbsp;&nbsp;&nbsp;&nbsp;</span><span style=\"font-size: 16px;\">鉴于军政府的所作所为——</span></span><span style=\"font-size: 16px;\">1990</span><span>年窃取她领导的政党在选举中获得的胜利果实、逮捕、虐待并杀害好几代的民主运动人士，人们很难想象她竟然不希望寻求法律问责（如果不叫做复仇的话）。在宽恕的道路上，昂山素季和圣雄甘地如出一辙：“如果我们怀着仇恨长途跋涉去追寻自由，那么最后我们找到的不是自由，而是另一座监狱”，她在旧金山自由论坛上这样说。在此次美国之行中，她重复强调自己对未来的持续关注。她敦促同胞——无论是在美国的还是在国内的，以及国际上对她怀着良好祝愿的支持者们亦要如此。“你不能被意识形态或者浪漫主义裹挟”，她在旧金山大学（的演讲中）警示在场的美国籍缅甸人。她迫切寻求的司法措施是重建一套如今已被完全摧毁了的法律体系。她强调，如果不能够建立起独立、自由、训练有素的司法机构，那么缅甸的民主之役不可能取胜。</span><span style=\"font-size: 12pt;\"><br />\n</span><span><span><span style=\"font-size: 16px;\">&nbsp;&nbsp;&nbsp;&nbsp;&nbsp;&nbsp;</span></span><span style=\"font-size: 16px;\">当然，立法机构也应当如此。昂山素季在今年</span></span><span style=\"font-size: 16px;\">4</span><span>月举行的缅甸国会补选中成功当选议员（她所在的民盟横扫了其竞争的</span><span style=\"font-size: 16px;\">44</span><span>个议席中的</span><span style=\"font-size: 16px;\">43</span><span>个），她立即利用这个制度性机会，让其发挥应有作用，从而推动缅甸民主的发展。缅甸的议会发言人，也是该政权最有权力的人物之一的杜雅瑞曼上将（</span><span style=\"font-size: 16px;\">Thura Shwe Mann</span><span>）向她抛出橄榄枝，让她主持议会新设的“法治与廉洁委员会”。通过这个平台以及作为议会反对党领袖的身份，她寻求和军队对话，这是他们之前难以想象的。</span><span style=\"font-size: 12pt;\"> </span><span>昂山素季敏锐地认为，</span><span style=\"font-size: 16px;\">2008</span><span>年宪法必须大修，剔除其中授予军队大量非民主权力的条款。目前军队（根据宪法规定）占据议会四分之一的席位，她认为这是一个机会。她对亚洲基金会的观众说：“这让我们有机会了解军方，也给了军方了解民主制度如何运作的机会”。</span><span style=\"font-size: 12pt;\"><br />\n<span style=\"font-size: 16px;\">&nbsp;&nbsp;&nbsp;&nbsp;&nbsp;&nbsp; </span></span><span>昂山素季深知，前方的道路艰险且充满不确定性，这远非很多缅甸内外人士一厢情愿认为的那样“民主化进程不可逆转”。艰苦的谈判还摆在我们面前，我们要进行宪政改革，以确保一个拥有真正民主政体的国家能够从下一次（</span><span style=\"font-size: 16px;\">2015</span><span>年）的全国性选举中诞生。无论是实现和平还是民主，都需要与缅甸国内的少数族群进行广泛的协商，这样才能建立一个联邦国家，并确保不同的族群在让渡自身权力的同时享有真正的政治自主性。</span><span style=\"font-size: 12pt;\"><span style=\"font-size: 16px;\">&nbsp;</span><br />\n</span><span><span style=\"font-size: 16px;\">&nbsp;&nbsp;&nbsp; </span><span style=\"font-size: 16px;\">如果联邦制和自治对缅甸民众而言是切实可行的，那么当务之急是建立有效的地方政府架构。这需要大量的培训和机构组建，面对这么艰巨的任务，昂山素季认为首要工作是获得国际援助。而且她还强调，在军政府的统治下，腐败荼毒了整个国家。想要阻止腐败感染新兴的竞争性政党制度，就必须建立严格的问责机制和透明化规则。这在针对缅甸自然资源开掘的投资中更是如此。她和她领导的政党坚持认为，为了打破“资源魔咒”（</span></span><span style=\"font-size: 16px;\">resource curse</span><span>）【见注释</span><span style=\"font-size: 16px;\">2</span><span>】，政府应当签署并实施采掘业透明度行动计划（</span><span style=\"font-size: 16px;\">EITI</span><span>）。</span><span style=\"font-size: 12pt;\"></span>\n</p>\n<p>\n	<span><span style=\"font-size: 16px;\">&nbsp;&nbsp;&nbsp; </span><span style=\"font-size: 16px;\">昂山素季两天内在旧金山出席了三场见面会，最辉煌的一刻，在我看来，要数她回答一个涉及她政治计划的提问——她是否渴望领导缅甸——的时候了。当时我猜想，很多亚洲基金会的听众肯定希望听到昂山素季忸怩作态、措辞精妙的回应，借此维持她作为一种超越党派分歧的民主和人权的象征。但昂山素季并没有逃避，而是积极投向了政治。“你应该把我当作一位政党的领袖。没错，我是民主的象征，但我首先是一名政治家，作为政党的领袖，必须有领导自己国家的志向，因为这意味着你所在的政党必须获胜，而每一个政党都有这样的愿望”。</span></span>\n</p>\n<p>\n	<span><span style=\"font-size: 16px;\">&nbsp;&nbsp;&nbsp; </span><span style=\"font-size: 16px;\">如果全国民主联盟，或者任何包括昂山素季在内的政治联盟能够在</span></span><span style=\"font-size: 16px;\">2015</span><span>年国会选举中胜出，那将是缅甸民主的胜利。要是没有政治、政党和选举动员，胜利只能是不可实现的镜中花水中月。当犬儒主义在美国政党和政客中间盛行的时候，昂山素季的造访让人们精神为之一振，这个“民主的符号”提醒我们，政治是一种高尚的职业，是一种提升公共福祉所不可或缺的方式。</span><span style=\"font-size: 12pt;\"></span>\n</p>\n<p>\n	<span>【注释</span><span style=\"font-size: 16px;\">1</span><span>】</span><span style=\"font-size: 16px;\">Daw</span><span>在缅甸语中是一种对年长女性的敬称，即女士。</span><span style=\"font-size: 12pt;\"></span>\n</p>\n<p>\n	<span>【注释</span><span style=\"font-size: 16px;\">2</span><span>】“资源魔咒”是一个经济术语，它是指拥有大量资源的国家和地区将不能带给这个国家和地区发展和好运。</span>\n</p>','97b436548ddb7b84778a8f19650e5737',1350828613),(6,6,'忘掉所谓的自尊吧','http://article.yeeyan.org/view/336979/326519','<p>译者  <a href=\"http://space.yeeyan.org/u/336979\">雪逸东南飞</a></p><p>\n	<span style=\"font-family: Arial; font-size: 14px;\">如果你在亚马孙上搜索</span><span style=\"font-family: Arial; font-size: 14px;\">”</span><span style=\"font-family: Arial; font-size: 14px;\">自立</span><span style=\"font-family: Arial; font-size: 14px;\">”,</span><span style=\"font-family: Arial; font-size: 14px;\">大约有</span><span style=\"font-family: Arial; font-size: 14px;\">5000</span><span style=\"font-family: Arial; font-size: 14px;\">本书都标有</span><span style=\"font-family: Arial; font-size: 14px;\">”</span><span style=\"font-family: Arial; font-size: 14px;\">自尊</span><span style=\"font-family: Arial; font-size: 14px;\">”</span><span style=\"font-family: Arial; font-size: 14px;\">的副标题</span><span style=\"font-family: Arial; font-size: 14px;\">.</span><span style=\"font-family: Arial; font-size: 14px;\">大多数这些书不仅仅想要告诉你为什么你的自尊感这么低</span><span style=\"font-family: Arial; font-size: 14px;\">,</span><span style=\"font-family: Arial; font-size: 14px;\">更重要的是教你如何去提高你的自尊感。如今，这已成为一种拥有广阔市场的生意，因为至少西方文化把自尊看成个人成功的基石。用他们的逻辑思维来说，你只有在坚信自己很棒的情况下，才有可能在生活上取得成功。</span> \n</p>\n<p>\n	<span><br />\n</span> \n</p>\n<p>\n	<span style=\"font-family: Arial; font-size: 14px;\">当然你也必须做到完美，这样你才能不断坚信你就是最棒的。所以你潜意识里总是害怕犯错误，一旦犯了错误，你就会感到绝望。这时你唯一的防御就是将你的注意力转移到你的成功之处，在精神上重塑自尊，直到你忘记这些不快的失误，然后继续转向更加让人满意的事情上。</span> \n</p>\n<p>\n	<span></span><span><br />\n</span> \n</p>\n<p>\n	<span style=\"font-family: Arial; font-size: 14px;\">仔细想一下，这好像不是什么成功秘诀，是吧？事实上，最新的一些研究观点得出的结论让人不安，那就是强烈的自尊并没有人们所认为的那么有用。强烈的自尊感并不能带来更好的表现或更大的成就。虽然有强烈自尊感的人总是认为他们比别人更加成功，但是客观上他们并不比其他人成功。强烈的自尊感也不会使你成为一个更有能力的领导者，更有魅力的伴侣，不会让你的生活方式更健康，更不会让你在面试中更引人注意，更有竞争力。如果常识是错的，强烈的自尊感不是解决问题的途径，那么什么是呢？</span> \n</p>\n<p>\n	<span></span><span><br />\n</span> \n</p>\n<p>\n	<span style=\"font-family: Arial; font-size: 14px;\">越来越多的研究结果</span><span style=\"font-family: Arial; font-size: 14px;\">,</span><span style=\"font-family: Arial; font-size: 14px;\">包括伯克利大学的朱莉安娜和陈</span><span style=\"font-family: Arial; font-size: 14px;\">.</span><span style=\"font-family: Arial; font-size: 14px;\">塞丽娜的最新研究显示自我同情，而非自尊</span><span style=\"font-family: Arial; font-size: 14px;\">,</span><span style=\"font-family: Arial; font-size: 14px;\">才是挖掘通向成功潜能的关键所在。</span> \n</p>\n<p>\n	<span></span><span><br />\n</span> \n</p>\n<p>\n	<span style=\"font-family: Arial; font-size: 14px;\">我想很多人已经对“自我同情“这个术语表示怀疑。但是这是一个科学的，并且经过实验数据验证过的观点</span><span style=\"font-family: Arial; font-size: 14px;\">---</span><span style=\"font-family: Arial; font-size: 14px;\">并非让人感觉良好的心理学。所以请继续阅读，听我细细说来。</span> \n</p>\n<p>\n	<span></span><span><br />\n</span> \n</p>\n<p>\n	<span style=\"font-family: Arial; font-size: 14px;\">自我同情就是能够善意且通情达理地接受自己所犯的错误，包容自己固有的缺点。接受人都会犯错的事实是真正的人性的体现。在面对困难时若能自我同情，你就不会过分苛刻地评价自己，也没必要专注于自己的优点来刻意维护自尊。难怪正如许多研究结果表明，</span><span><span> </span></span><span style=\"font-family: Arial; font-size: 14px;\">能够让人处于更幸福的状态，让人更加乐观，更加快乐，让人免受焦虑，压力之苦。</span> \n</p>\n<p>\n	<span></span><span><br />\n</span> \n</p>\n<p>\n	<span style=\"font-family: Arial; font-size: 14px;\">但是自我同情在能力表现方面如何呢？自我同情也许有益身心，但是那些严于律己，时常迫使自己做到最好的人不是更有可能成功吗？</span> \n</p>\n<p>\n	<span></span><span><br />\n</span> \n</p>\n<p>\n	<span style=\"font-family: Arial; font-size: 14px;\">在回答这个问题之前，有必要弄明白什么不可以称作自我同情。虽然自我同情的内涵在某种程度上的最好诠释莫过于“放空一下自己吧”，“放慢一下脚步”，但它绝不等同于在艰难时放弃或降低标准。你可以在自我同情的同时承担责任。你也可以在自我同的同时奋斗于极具挑战的目标。二者的区别不在于你的雄心有多大，而在于你是如何看待漫漫长路中的跌宕起伏。事实上，最新研究表明，如果你是一个自我同情的人，你更可能达到既定目标。</span> \n</p>\n<p>\n	<span></span><span><br />\n</span> \n</p>\n<p>\n	<span style=\"font-family: Arial; font-size: 14px;\">在研究过程中，布莱恩和陈要求参与者从自我同情或自尊的角度来看待挫折与失败。比如，当要求回忆自己的一个缺点时，研究者对一部分参与者说：“想象一下，如果从一个同情或理解的角度来谈论你的缺点，你会怎么说？“</span> \n</p>\n<p>\n	<span><br />\n</span> \n</p>\n<p>\n	<span style=\"font-family: Arial; font-size: 14px;\">对于那些要求专注于提升自尊感的人：“想象一下，如果让你从你的优点角度来谈你的缺点，你会对你自己说些什么？“</span> \n</p>\n<p>\n	<span></span><span><br />\n</span> \n</p>\n<p>\n	<span style=\"font-family: Arial; font-size: 14px;\">自我同情的人更认为自己的不足是可以改进的。自我同情绝不是在艰难时放弃</span><span style=\"font-family: Arial; font-size: 14px;\">---- </span><span style=\"font-family: Arial; font-size: 14px;\">事实上自我同情更加驱使他们自我改进，避免了下一次再犯同样错误。</span> \n</p>\n<p>\n	<span></span><span><br />\n</span> \n</p>\n<p>\n	<span style=\"font-family: Arial; font-size: 14px;\">为什么自我同情有如此大的作用？很大程度上，因为自我同情不会关注于评价。换句话说，你不会去想你的自尊，你能够正视自己的缺点与不足。你能够实事求是地评价你的能力与行为，然后明白下一次你该如何改进。</span> \n</p>\n<p>\n	<span></span><span><br />\n</span> \n</p>\n<p>\n	<span style=\"font-family: Arial; font-size: 14px;\">当你的注意力不再集中在保护自我尊严时，你就能够真正坦诚地面对自我。这时你能够承认你的确需要改进，因为这也意味着你承认自己的缺点与不足</span><span style=\"font-family: Arial; font-size: 14px;\">----</span><span style=\"font-family: Arial; font-size: 14px;\">而这些东西会削弱你的自尊，让你处于焦虑沮丧中。如果你连承认做错的勇气都没有，即使是自我坦诚也做不到，拿你又怎么能够学会正确的处世之道呢？</span> \n</p>\n<p>\n	<span></span><span><br />\n</span> \n</p>\n<p>\n	<span style=\"font-family: Arial; font-size: 14px;\">有一个事实，你我都无法避免：你一定会有把事情弄砸的时候。每一个人，包括成功人士都会犯许多错误。正如每个人所知，成功的秘诀就是从错误中吸取教训，然后继续前行。但是并不是每个人都知道怎么去做。自我同情恰巧能够帮你做到这点。所以，别把自己逼得太紧，稍稍放松一下吧。</span> \n</p>','18bbbbf1cb879d3283472c752b1a592b',1350828613),(7,6,'他欣然接受的死亡','http://article.yeeyan.org/view/359497/326522','<p>译者  <a href=\"http://space.yeeyan.org/u/359497\">Rumshy-Lcmsyx</a></p><p>\n	我相信那一刻父亲传授给我的好的并且有价值的生活。\n</p>\n<p>\n	1983年七月的一个下午，我和母亲一起得知了父亲身体虚弱的消息。我们冲到急救室发现他正躺在一副担架上面，并且失去了知觉。他得了很严重的中风，医生警告我们他的时间不多了，当然如果有可能的话。\n</p>\n<p>\n	我记得我当时站在母亲身后，她抓着父亲的手，贴着父亲。“Tommy，你能听到我吗？”母亲说了多次却没有得到回应。我瞥见护士正垂着眼睛。过了几分钟，母亲轻声说到“我爱你，Tommy。”转身离开时，颤抖着并含着泪水。\n</p>\n<p>\n	我一个人站在父亲身边。他苍白的面容面向另一边，眼睛已经无法合上，嘴唇已经褪色并干裂。他走了。而我却没有感情的波动——没有恐惧，没有痛苦，没有悲伤，没有愤怒——什么都没有，除了麻痹的思想——每天父亲都告诉我他爱我，而我却没有告诉过他，“我也爱你”。我喃喃着。最后，我俯身贴近父亲，第一次轻声告诉他，“我爱你，爸爸”。\n</p>\n<p>\n	当我转身离开时，父亲动了。他勉强转动头部，眼睛极力地寻找着我。缓慢地，他抬起他的胳膊轻轻地把手放在我的脸上，就这样，他看着我的眼睛。我们之间的这种宁静似乎是一种忏悔，宽恕和祝福。数秒后，他的手坠了下去，他陷入了昏迷。第二天，他去世了。\n</p>\n<p>\n	今天，二十七年后，我仍然在理解那一刻的意义和神秘。那是我最重大心碎和最诚挚的祝福，同时这也多次告诉了我恐惧，悲伤和不确定。在那最后的几分钟，当他知道他的命运时，父亲没有关心他自己而是想要给我安慰。在那最后的瞬间，父亲传授给我了生活的美好和价值。\n</p>\n<p>\n	我相信信仰，命运和奉献是生命的支柱。我相信生命中所有的虚幻和秘密都是基于牺牲的爱。我相信宽恕的救赎的力量。我相信我们当中每一个人都会用自己的努力去服务并鼓舞他人。同时我相信，伴随着信仰和谦逊，我们能够发现每一次悲痛和难以忍受的心碎都带有神圣祝福的承诺。\n</p>\n<p>\n	深夜，我摇着自己的宝宝睡觉。我暗自希望自己能够拥有一个像父亲最后一课教导的那样有价值的生活。当我把孩子放下，我俯身贴着他，轻抚他的脸颊，轻声说到“我爱你，Tommy。”\n</p>','737ba49950ee938e2011786d8fa82557',1350828613),(8,6,'灵魂便是我的指南针','http://article.yeeyan.org/view/350912/326516','<p>译者  <a href=\"http://space.yeeyan.org/u/350912\">Ruhana</a></p><blockquote>As I chart my vocational course through life, I believe in heeding the small voice of the soul. The soul speaks to me through dreams, intuition, heartfelt yearnings, and synchronicities.</blockquote><p>当我规划自己的职业生涯时，我依赖于留心来自灵魂的细小声音。灵魂通过梦想、直觉、真心实意的渴望以及生活中的偶然之事提醒着我。</p><blockquote>Sometimes the soul speaks through my symptoms. When I worked as a corporate lawyer, my skin began to break out in lumps, and I developed painful neck and shoulder tension. In a culture where empathy, emotion and intuition were regarded as weaknesses, I became stressed and depressed. Something inside me, my spirit, was dying, and I had no idea what to do about it.</blockquote><p>有时，灵魂通过我的病症发声。当我是一名公司代理律师时，我的皮肤开始凸起肿块，我感到脖子疼痛，肩部紧张。有的文化将移情、感情和直觉作为脆弱的表现，我恰身处其中，并感到倍受压力，心情沮丧。我身体里的某种东西，我的灵魂，正在消逝，对此，我却束手无策。</p><blockquote>It was a tree that gently, and silently, counselled me to leave that job that was sapping the life out of me. That is another way my soul speaks to me – through a healing resonance with nature. I stopped by this tree growing on the side of the road, and as I touched its leaves and bark, I thought, “This tree is more real than anything I do in that office each day.” For the tree had life in it, and the environment in which I shuffled papers and filled in timesheets, for all its busy-ness and man-made procedures, was a pale imitation of that.</blockquote><p>是一棵树，轻柔地，安静地告诉我这份工作正逐渐耗尽我的生命，并建议我辞去它。这是灵魂提醒我的另一种方式——通过与自然产生的愈合共振。我停在这棵长在路边的树旁，一边感受它的叶子和树皮，一边想：“这棵树比我每日耗在办公室所做的一切都更真实。”因为树体现了生命，而我，为了所有繁忙景象和人工程序，翻查众多文件，填写各种工时表格，这种环境无非是对生命的拙劣仿效。</p><blockquote>When I left the law, I had bills to pay and no idea exactly what I was going to do. It was like being in an ocean tidal pool, and I had let go of the edge. Suddenly I was “at sea”, and I didn’t know if I could swim. The challenge was to stay afloat (not least financially) and to keep my spirits buoyed, until I could plant my feet on solid ground again.</blockquote><p>当我辞去工作时，我要支付许多账单，也不清楚接下来要做什么。那感觉就好像置身在一个海潮池，摸不到边岸。忽然之间，我变得不知所措，也不知道自己是否会游泳。我所面临的挑战就是，直到双脚踏上实地，我要一直维持“漂浮状态”（不仅仅在财政上）并让精神成为“浮标”。</p><blockquote>During those “years at sea”, the companies for which I worked in various occupations were like ships that helped me to stay afloat and make my way towards a distant shore. There were lonely and scary periods too, when I was without work, treading water way out of my depth and knowing I couldn’t wait too long for the next boat (or life raft) to arrive.</blockquote><p>“不知所措”的那几年，我就职过的各种公司就像船只，帮助我“保持漂浮”并带我驶向遥远的海岸。当然也有孤独可怖的日子。当我没有工作时，要“踩水”逃离深渊，明白自己不能为了下一艘船（或救生艇）的到来而等太长时间。</p><blockquote>To navigate a career with soul as my compass requires constant negotiation and dialogue with my rational faculties too. But I’ve learned that ultimately life unfolds best when my mind and ego are at the service of my soul, and not the other way around.</blockquote><p>把灵魂作为指南针指导职业同样需要和理智的同僚不断沟通和谈话。但我已经懂得，最终，当思想和自我意识为灵魂服务而不是反过来时，我的生命才得到完全的展现。</p><blockquote>The soul also guides me through synchronicities, where for example a chance meeting with a stranger unexpectedly points me in the right direction. Like an aboriginal tracker, I have learned to notice and evaluate the small signs in my environment to help me correct course and steer my true vocational path.</blockquote><p>灵魂同样通过生活中的偶然之事引导我。比如，碰到一个陌生人能意外地为我指出正确的方向。就像一个原始追踪器，我学会了注意并评估所处环境中种种细微的迹象，以此帮助自己改正路线，指引我找到真正的事业轨迹。</p><blockquote>Not least, my soul speaks through dreams. Attending to my dream images over many years led me to study at the Pacifica Graduate Institute, and the connections between my dreams and waking life affirm this is the right place for me to be. For now I am a student, and though I know not what the future holds, I believe that paying attention to the small voice of my soul will guide me on the way.</blockquote><p>同样重要的是，我的灵魂通过梦想发声。对梦想执着数年使我能在太平洋研究生院学习，而梦想和梦醒人生之间的联系证实了这正是我的期许之地。现在我是一名学生，尽管不知未来如何，我相信关注灵魂中的细小声音将一路指引着我。</p>','1692316237b402cfd29695abd8358130',1350828613),(9,6,'纽约时报看中国：清政府的本质及其与列强的关系','http://article.yeeyan.org/view/354882/326530','<p>译者  <a href=\"http://space.yeeyan.org/u/354882\">newtimes</a></p><p align=\"center\" style=\"text-align: center;\">\n	<span></span> \n</p>\n<p align=\"center\" style=\"text-align: left;\">\n	<span style=\"font-family: Arial; color: #353535; font-size: 14px;\">有意思的诠释：清政府的本质及其与列强的关系</span><span style=\"font-family: Tahoma; color: #353535; font-size: 13pt;\"> </span> \n</p>\n<p align=\"left\" style=\"text-align: left;\">\n	<span style=\"font-family: Arial; color: #353535; font-size: 14px;\">1860</span><span><span style=\"font-family: Arial; font-size: 14px;\">年</span><span style=\"font-family: Arial; font-size: 14px;\">6</span><span style=\"font-family: Arial; font-size: 14px;\">月</span><span style=\"font-family: Arial; font-size: 14px;\">23</span><span style=\"font-family: Arial; font-size: 14px;\">日载于纽约时报</span></span><span style=\"font-family: Tahoma; color: #353535; font-size: 13pt;\"> </span> \n</p>\n<p align=\"left\" style=\"text-align: left; text-indent: 32pt;\">\n	<span style=\"font-family: Arial; color: #353535; font-size: 14px;\">经国会同意，前美国外交官里德所撰写的通讯中的一部分目前已经公开发表。我们摘录了其中的一部分展示给读者。在这部分通讯中，里德向我们充分诠释了清政府的本质及清政府与列强们的关系。这些文字非常有力，非常有指导意义。以下为我们摘录的里德通讯。</span><span style=\"font-family: Tahoma; color: #353535; font-size: 13pt;\"> </span> \n</p>\n<p align=\"left\" style=\"text-align: left; text-indent: 32.25pt;\">\n	<span style=\"font-family: Arial; color: #353535; font-size: 14px;\">这是我最后一次与您联系为国会会议提供情报。我希望能够在有关《天津条约》本身及其效力和执行问题上额外补充一些看法。这些观点也适用于其他西方列强与清政府签订的条约。我有责任将我的观点表达出来为总统先生科学地作出对华政策提供帮助。</span><span style=\"font-family: Tahoma; color: #353535; font-size: 13pt;\"> </span> \n</p>\n<p align=\"left\" style=\"text-align: left; text-indent: 32.25pt;\">\n	<span><span style=\"font-family: Arial; font-size: 14px;\">如果被问及依靠清政府能在多大程度上执行条约的条款，相信没有人能给出确定的答案。对于这个问题的回答，从中国与西方在道德、智力水平、素质以及各派政治势力的影响方面的不同中找出答案是徒劳的。在评估清政府条约条款执行力的时候，我们一定要首先清醒地认识到清政府的行为是毫无原则和法律依据可言的，它的行为完全出于特定利害的权宜考量。一位巡抚或多或少拥有立法权和行政权，同时对其所辖范围内的民众福祉负责。他下属的各级官员的职责也同巡抚类似。这样的制度安排保证官员们各司其职。某地政府的行为更多地取决于当地现任官员的脾气秉性。如果</span><span style=\"font-family: Arial; font-size: 14px;\">1856</span><span style=\"font-family: Arial; font-size: 14px;\">年</span><span style=\"font-family: Arial; font-size: 14px;\">10</span><span style=\"font-family: Arial; font-size: 14px;\">月的时候广州的都督与福建的都督互调的话，广州或许就不会发生动乱了。</span></span><span style=\"font-family: Tahoma; color: #353535; font-size: 13pt;\"> </span> \n</p>\n<p align=\"left\" style=\"text-align: left; text-indent: 32.25pt;\">\n	<span style=\"font-family: Arial; color: #353535; font-size: 14px;\">清政府其实是一个中央集权与地方各自为政的混合体。对于一个从没有亲眼看见过清政府国家机器实际运行的人来说是很难理解这一点的。清王朝的朝廷应该是一个不负任何责任的一切权力和权威的来源。京师的政府官员和工作人员们的工作确保了朝廷的地位及其在整个大清帝国范围内的影响力。一旦某个京官作为总督被外放到帝国内的一个遥远的省份，他就会意识到他将面对老百姓的巨大力量。因为他本身就来自于老百姓。老百姓们希望获得保护，但他们不愿意超出自己义务范围为这种保护支付税款。同样，他也会意识到在平定叛乱的工作中，他不会得到朝廷的人力财力的支援。他不得不依赖于他治下的社会资源。他治下的税收除支付民生费用、军费以及海军服务费外，还要提取一大部分供奉给位于京师的朝廷。总督和巡抚在其所辖区域内可以拥有类似皇帝的权力。除非接到朝廷的命令，一个省的封疆大吏是不会对其他省的叛乱负责或提供援助。清帝国各地政府之间的关系不像一个强有力的专制政府那样紧密。这种情况为清帝国中的老百姓获得相对的自由创造了条件。因为清廷没有能力集中它的能量于某一点，没有能力彻底镇压叛乱和不满。</span><span style=\"font-family: Tahoma; color: #353535; font-size: 13pt;\"> </span> \n</p>\n<p align=\"left\" style=\"text-align: left; text-indent: 32.25pt;\">\n	<span><span style=\"font-family: Arial; font-size: 14px;\">以上这些说明某个列强即使与清廷签署了条约，清廷由于疲软的组织能力也不能保证条约被充分履行。在这里涉及到中国声誉的问题。一直以来，中国的声誉是建立在对法律的良好执行、对产业的保护以及通过科举制度遴选政府优秀代理人的基础上的。一方面，我们看到了中国人三纲五常的道德观念，另一方面，我们也意识到中国人的道德观念是很难被人类道德所替代或改变的。清政府调动社会资源进行反抗侵略和镇压叛乱的时候显得是那样的软弱无能，但在阻止改变清王朝既有的政治组织模式方面却又显得那样强大。</span><span></span></span> \n</p>\n<p align=\"left\" style=\"text-align: left; text-indent: 32.25pt;\">\n	<span><span style=\"font-family: Arial; font-size: 14px;\">清国的实际权力实际上是由各种力量构成的镇压由贫困、煽动导致的愚昧“民主行动”的混合体。这种权力混合体包括暴虐的不负任何责任的朝廷、地方政府官员以及民间力量。在评估与清国民众、政府一起和平履行条约可能性的过程中，清政府在镇压旨在袭击外国船舰、外国人的事件中的软弱无能、在满足事件中的受害方的需求的不良表现以及清国老百姓的暴力倾向都应该被考虑进去。清国老百姓制造的暴力事件持续地上演，而清政府从来没有想过对此进行干涉。清政府的官员们将暴力事件的处理丢给了士绅阶层和当地头领去解决。士绅和头领们做了大量工作维持了本地的和平稳定。有些时候，位于社会中层的士绅阶层的权力成为了一种常态化运作的权力。</span><span style=\"font-family: Arial; font-size: 14px;\">1854</span><span style=\"font-family: Arial; font-size: 14px;\">至</span><span style=\"font-family: Arial; font-size: 14px;\">1855</span><span style=\"font-family: Arial; font-size: 14px;\">年，广州发生了暴乱。当</span><span style=\"font-family: Arial; font-size: 14px;\">50</span><span style=\"font-family: Arial; font-size: 14px;\">多万广州民众在</span><span style=\"font-family: Arial; font-size: 14px;\">28</span><span style=\"font-family: Arial; font-size: 14px;\">个月内因暴力失去生命后，士绅们开始与政府合作镇压叛乱。虽然对参与暴乱者残酷的处死手段受到外国人的谴责，但经受过暴乱胜利者摧残的人非常明白这场斗争的本质意义。于是，他们尽自己最大所能帮助官府缉拿犯下死罪的暴乱分子。（未完待续）</span><span></span></span> \n</p>\n<p style=\"text-indent: 32.25pt;\">\n	<span></span> \n</p>','3aeda6950b52610f4529548b343d09ea',1350828613),(10,6,'1964-1996：中国的核试验 - 第二部分','http://article.yeeyan.org/view/234235/326525','<p>译者  <a href=\"http://space.yeeyan.org/u/234235\">鬼重</a></p><p>\n	<span><em><img alt=\"\" src=\"http://cdn.yeeyan.org/upload/image/2012/10/21144014_55686.jpg\" /><br />\n</em></span> \n</p>\n<p>\n	<span><em>科学城入口处的雕塑，这里是一处建筑群，地点坐落在中国中部，靠近绵阳，它是中国核武项目的中心。碑顶部片状物体象征核爆炸；杆状物代表辐射出伽马射线。（Danny Stillman供图）</em></span> \n</p>\n<p>\n	<br />\n</p>\n<span style=\"font-size: 14px;\"><strong>科学城入口的雕塑</strong></span><br />\n<span>科学城是一处庞大的由中心实验场所及办公室构成的建筑群，如今它掌控着中国的核武项目，Stillman首次访问之际，整座科学城接近完成了。此前十年间，科学城都在持续建设，为了取代按照苏联人规划（其后果是目标暴露）建造的海北核基地（译注：青海省海北藏族自治州），海北的位置过于靠北（译注：指过于靠近苏联）。这座科学城也用来代替位于梓潼的过渡性设施。科学城的入口立着一座雕塑塔，象征着核武器的爆炸。Stillman一进入科学城，就看到了现代化的行政大厦、体面的宿舍和宾馆、此前谈到过的高能爆炸设备、一处计算中心（属于中国第一代超级计算机之一）以及大量成组的实验室和机器车间。Stillman受到了热情的欢迎。鉴于他是来访科学城的第一位美国人，对此，他此行的有关接待方表现出来的是好奇，热情，以及安全守则所能允许的坦率。</span><br />\n<br />\n<span>在返回成都机场的路上，现代化的中国留在了身后，陈旧的中国重现了。Stillman的车队在返程的路上碰到了一处洗车站。他以为这表明科学城带来的放射性污染，需要进行洗消。可是并非如此。原来那个洗车棚只是当地山区住民设立的收费点。即便有访问中国核武心脏的外交高官证件，也不能免收费用。当局安排的司机为了避免时间延误太多，只能支付“洗车费”，然后继续上路。</span><br />\n<br />\n<span style=\"font-size: 14px;\"><strong>西安</strong></span><br />\n<span>下一站是西安，大多数外来客都认为西安是古代兵马俑的故乡，但西安也是距离西北核技术研究所最近的城市。而西北核技术研究所（NINT）的主业是核爆诊断。近千名的科学家在此研究所工作，其学科专业包括了地球科学、辐射化学、仪器仪表制造、微型计算机、以及核硬化处理。作为安排上的惯例，Stillman在NINT的陪同者，说一口流利的英语，之前从美国某个一流技术院校毕业，这回，则是加州理工的一名物理学博士。西安和NINT都具有苏联斯大林风格的建筑及工艺特点，这是确凿无疑的：建筑物在竣工时看上去就感觉显得老气；破损的窗户用纸板抵御着寒冷；电梯把乘客送达指定楼层，精度上会有大概一英尺范围内的误差。但是，当访客们一看到中国人的X射线闪光（flash x-ray）设备，那些不适之感就被抛诸脑后了，这是他们所看过的此类设备当中最为精妙的一个。这种仪器用作内爆诊断及辐射硬化测试。NINT的科学家们也向Stillman提出了全是很在行的问题；他们对美国核爆试验程序的熟悉程度，简直是不可思议。</span><br />\n<br />\n<span>核武的安全问题当时在中国未能列入第一优先考虑的名单当中。中国人对Stillman的回答是：承认他们的武器不具有“单点安全性（one point safe）”，这即是指他们没有使用钝化的高能炸药，也就是说，偶发的引爆实际上就能产生一些核能当量。此后几十年间，中国对其核储备进行了补救的工作。中国科学家也了解热循环对高能炸药的影响；他们禁止核武器在阳光下曝晒过长的时间。这倒引起Stillman对武器安全性的讨论：“中国核武是否包含特别设计的功能或保护装置，来预防未经授权的使用？”NINT的领导人回应称，恐怖主义不在他们核武器设计的考虑范围内，中国人的纪律准则可以预防未经授权的使用。当时，中国人的核武器项目依赖“政治可靠性”来保障安全，而不是通过电子技术来保障。这位领导者的确也赞同那种安全与防护政策需要改变。我不确定他所谓的改变是否已兑现了。</span><span>（译注：</span><span>单点安全性，参考</span>http://en.wikipedia.org/wiki/Nuclear_weapon_design<span>）</span><br />\n<br />\n在西安释疑解惑的讨论只是序曲罢了，随后是另一趟令人神经紧张的飞行，这次搭乘的是摇摇晃晃的俄制飞机，目标：北京。北京不仅是中国首都；也是成组的核项目机构所在地，其中包括应用物理及计算数学研究院（IAPCM）。去年抵达New Mexico的低调访客中的一个人，以IAPCM主管之一的身份露面了。<br />\n<br />\n<span>核武器的设计已经变得高度依赖计算机，但在1990年，中国核研究工作者们只有一台能完成二维流体力学计算的超级计算机。即银河2号。这台计算机位于长沙，生产它的单位也在那里，长沙在北京以南，两者距离1300公里。湖南的这台超级计算机所在的地点，还牵扯到某个计划在1992年进行的先进武器设计的测试，所以直到1993年第二台银河2号在北京问世以前，北京的核武设计人员不得不于两座城市之间来往奔波。</span><br />\n<br />\n<span style=\"font-size: 14px;\"><strong>第二次访问之旅</strong></span><br />\n<span>Stillman返回美国后，度过了1990年的夏季，又于当年秋季再次来到中国，此行是要参观中国核武项目的测试部分。他再次飞抵成都，车队行进了一个上午，到达了一处迄今不为人知的场所。该地点曾标明的是西南核物理化学研究所。位置在偏僻的山区，掩蔽于峡谷中。那里有舒适的现代化宾馆。当然，最引人关注的是还未曾看过的瞬态爆炸反应器，又称为FBR-2，两年前由Stillman和杨福家首次在谈话中提及。</span><br />\n<br />\n<span>那个下午是历史性的，Stillman带领的美国代表团通过了层层的防卫——所有这些警卫都配备AK47（Kalashnikovs）。这个场所的标志上印着596图案，这是铭记苏联在1959年抛弃了他们的中国同志。（参见52页的图2。）FBR-2是一种能在微秒级别之内产生急剧通量的中子和伽马射线的装置，故此能够模拟在核装置引爆过程中的中子辐射。（为避免它爆掉整个试验场，阻止反应扩大的窍门在于能够关闭反应器。）Stillman知道中国某个地方肯定存在这种装置，所以他才会向杨福家发出询问。然而当他们抵达这个地点的时候，美国代表团的成员们获知这种装置的第一代FBR-1已在14年前投入了使用，现在使用的是新一代型号，老的已经淘汰多时。这一次，美国人获得了全面参观FBR装置的机会。</span><br />\n<br />\n<span>此后，他们再次访问了科学城，在那里Stillman的收获远超第一次访问。例如，他能被允许仔细的查看高爆测试装置。在受到近距观察的设备当中，令人印象深刻的是X射线闪光机，这种装置是用来揭示内爆发生的全部过程的。傍边的分幅相机（Framing cameras）频率是每秒一百万帧。内爆球体内的探针提供着更多内爆对称性的数据。从任何一个标准来看，技术都堪称尖端。</span><br />\n<br />\n<span style=\"font-size: 14px;\"><strong>前往罗布泊</strong></span><br />\n<span>返回成都后，访问团飞往乌鲁木齐，它是新疆省会，一座距离中国核武试验点罗布泊最近的城市。下了飞机之后接着是折磨人的六小时车程，要经过群山和荒漠，最后抵达一座新城镇：马兰，地图上虽找不到它，那里却聚集着人数约两千的人民解放军以及大概八千名平民，这种高度自组织化的军事结构，在中国军队中是普遍的。欢迎Stillman的聚会在午夜举行，人们烤了一只羊羔，新鲜的水果似乎永远吃不完。聚会上的服务员都是解放军女战士，能说点英语；口译员的英语则都很不错，包括口语。他们的常务工作是把大量美国出版物译成汉语，提供给试验基地的科学家使用。</span><br />\n<br />\n<span>参与Stillman访问活动的一些要人，也从北京飞抵此地。他们大多会讲上佳的英语，似乎都很爱谈论他们的子女在美国的成就。负责挖掘垂直测试井的一位工程人员，二战期间，甚至也在美国工作过；他的子女们都在美国顶尖工程院校注册在学。这一次中国大漠里的夜宴活动，就像是在Los Alamos山坡上举办的野餐。</span><br />\n<br />\n<span>护送车队在早晨再次集结，行进两小时车程后，抵达了真正的试验现场，这里进行过七次当量大于美国内华达（Nevada）试验场的试爆。Stillman 参观了变电站、令人印象深刻的贵宾特区、一处建在巨大山坳中的核试设备组装厂，以及一个放射性污染清理设施，这是用来处理工业废料和意外灾难的。通信安全措施可谓严格。Stillman访问之际，几个钻井台正在挖掘直径2到2.5米的洞。这些洞是安放核装置的。挖掘技术以美国标准看落后了；挖掘人员对花岗岩的掘进速度每天只有2米。</span><br />\n<br />\n<span>在地下水位以下20-40米，大多数罗布泊井下核试验都是在含水花岗岩环境中进行的。中国人采用的掩埋深度公式为：DOB=120Y^1/3，Y的单位是千吨TNT当量，DOB指掩埋深度，单位米。因子120代表试爆点地质情况，120对中国的花岗岩地层而言是合适的。由这个公式算出的点火深度就是确切的“安全深度，”但裕度仍然扩大至预估当量的110%。</span><br />\n<br />\n<span>中国的核探测水平即便没有超过美国的技术，他们在每一方面，那也和美国不相上下。例如，NINT的科学家给Stillman看过几个中国造的5兆赫示波器；但其最高计量值能录得1.5G的信号，领先同期西方的水平。</span><br />\n<br />\n<span>NINT的科学家们已开发并启用了一种双轴小孔中子实验(PINEX：PInhole Neutron EXperiment)“照相机”,来产生双重图像（dual images），它们记录的是内爆过程中，氘氚燃烧区的激发体，亦即热核装置的核裂变部分的运作情况。凭借这台独一无二的仪器，中国研究者们能对核装置内燃烧区域的特定部分进行任意两个时间序列事件的成像，或者能够记录分别在两处不同位置，任意给定时刻下，发生的事件。</span><br />\n<br />\n<p>\n	<span>在罗布泊度过的夜晚，中国人给Stillman放映了一些早期核爆效果实验的录像带。比如其中有一种CHIC-12的试验：核弹爆炸点周围区域环布着各种目标物：潜艇仓库大门、地下军事指挥掩体、军用飞机、坦克，以及还有安设了测量装置的笼子，里面关着动物。Stillman注意到，中国人所作的与美国那些进行的试验是一样的。</span> \n</p>\n<p>\n	<strong><span style=\"font-size: 14px;\">(待续)</span></strong> \n</p>','7ffa0368c09c24b1cdb8bffb64f0e82b',1350828613),(11,1,'睡不着 姑娘我容易老的','http://www.xiami.com/song/showcollect/id/13706063','创建者：单影<br /><br /><a href=\"http://www.xiami.com/song/showcollect/id/13706063\"><img src=\"http://img.xiami.com/./images/collect/63/63/13706063_1350622088.jpg\" style=\"border: 0;\" title=\"睡不着 姑娘我容易老的\" width=\"600\" /></a><br /><br /><strong>看这标题，你千万别笑哈。若有失眠经历的人就知道什么叫痛苦。失眠是我们健康的杀手啊&nbsp;姑娘俺上班没精神啊&nbsp;其实我想说连谈恋爱都没情绪&nbsp;瞧瞧&nbsp;它毁了俺的幸福。我想了九百回的晚上十点美容觉&nbsp;和&nbsp;八百回早上6点跑步&nbsp;当然，任何事情总是允许不断的设想&nbsp;&nbsp;再不断的假想。嗯&nbsp;全被现在还在敲字的睡眠时钟毁了。貌似我跑题了&nbsp;发些乱七八糟的音乐上来，乱七八糟是因为不想分类。我很懒，你懂的。理解万岁。&nbsp;&nbsp;晚安&nbsp;失眠的人们！</strong><br />\n<br /><br /><a href=\"http://www.xiami.com/song/showcollect/id/13706063\" style=\"display: block;\">去虾米试听<img alt=\"去虾米试听\" src=\"http://img.xiami.com/res/img/default/c_play.gif\" style=\"border: 0; vertical-align: middle;\" /></a><br /><br />曲目列表:<br />1.<a href=\"http://www.xiami.com/song/showcollect/id/13706063\">I Wasn\'t Prepared</a>--<a href=\"http://www.xiami.com/song/showcollect/id/13706063\">Eisley</a><br />『优美的声线 旋转和滑动的质感声音』<br /><br />2.<a href=\"http://www.xiami.com/song/showcollect/id/13706063\">Letting Go</a>--<a href=\"http://www.xiami.com/song/showcollect/id/13706063\">Isaac Shepard</a><br /><br /><br />3.<a href=\"http://www.xiami.com/song/showcollect/id/13706063\">How Can I Tell You</a>--<a href=\"http://www.xiami.com/song/showcollect/id/13706063\">Cat Stevens</a><br />『那种熟悉的味道，淡淡的，轻缓的，很喜欢。』<br /><br />4.<a href=\"http://www.xiami.com/song/showcollect/id/13706063\">Wonderful Tonight</a>--<a href=\"http://www.xiami.com/song/showcollect/id/13706063\">岸部眞明</a><br /><br /><br />5.<a href=\"http://www.xiami.com/song/showcollect/id/13706063\">Forgiveness</a>--<a href=\"http://www.xiami.com/song/showcollect/id/13706063\">Robin Foster</a><br />『这真的是俺睡前的催眠曲 虽然节奏有些迷幻 貌似不适合安眠 但我的确在这节奏和质感的声线里睡着了。』<br /><br />6.<a href=\"http://www.xiami.com/song/showcollect/id/13706063\">Why Worry</a>--<a href=\"http://www.xiami.com/song/showcollect/id/13706063\">Dire Straits</a><br />『恐怖海峡的 为什么焦虑？为什么担心 不要的 不要』<br /><br />7.<a href=\"http://www.xiami.com/song/showcollect/id/13706063\">Canción Triste</a>--<a href=\"http://www.xiami.com/song/showcollect/id/13706063\">Jesse Cook</a><br /><br /><br />8.<a href=\"http://www.xiami.com/song/showcollect/id/13706063\">几度枫红</a>--<a href=\"http://www.xiami.com/song/showcollect/id/13706063\">林海</a><br />『林海的钢琴 真的耐听』<br /><br />9.<a href=\"http://www.xiami.com/song/showcollect/id/13706063\">Winter Blues</a>--<a href=\"http://www.xiami.com/song/showcollect/id/13706063\">Winterplay</a><br />『这蓝调调 这姑娘和声 嗯。。自己听再说』<br /><br />10.<a href=\"http://www.xiami.com/song/showcollect/id/13706063\">가을호수</a>--<a href=\"http://www.xiami.com/song/showcollect/id/13706063\">Yulia</a><br /><br /><br /><a href=\"http://www.xiami.com/song/showcollect/id/13706063\">查看全部曲目</a>','86d70c52bf72be32e74e3639521bafd4',1350828663),(12,1,'一种心情，一份情怀，一张集子，而已。','http://www.xiami.com/song/showcollect/id/13717418','创建者：倾城‖。√祢<br /><br /><a href=\"http://www.xiami.com/song/showcollect/id/13717418\"><img src=\"http://img.xiami.com/./images/collect/418/18/13717418_1350652881.jpg\" style=\"border: 0;\" title=\"一种心情，一份情怀，一张集子，而已。\" width=\"600\" /></a><br /><br /><br />\n&nbsp;&nbsp;&nbsp;&nbsp;&nbsp;这张集子，我删了好几次，又做了好几次。中途又由于自己懒，就又搁浅了。现在，我终于完成了它。这里的每首歌，都值得细细品，遍遍听。<br />\n&nbsp;&nbsp;&nbsp;不厌，不腻。<br />\n&nbsp;&nbsp;&nbsp;不显，不藏。<br />\n&nbsp;&nbsp;&nbsp;一如我对咖啡的喜爱。从开始的无心插柳到真正爱上，浓郁，韵味悠远。<br />\n&nbsp;&nbsp;&nbsp;好了，不多说，细细品，遍遍听，献给所有爱音乐的人。<br /><br /><a href=\"http://www.xiami.com/song/showcollect/id/13717418\" style=\"display: block;\">去虾米试听<img alt=\"去虾米试听\" src=\"http://img.xiami.com/res/img/default/c_play.gif\" style=\"border: 0; vertical-align: middle;\" /></a><br /><br />曲目列表:<br />1.<a href=\"http://www.xiami.com/song/showcollect/id/13717418\">What Are Words</a>--<a href=\"http://www.xiami.com/song/showcollect/id/13717418\">Chris Medina</a><br />『一首无意间在点歌台听见的歌，之后费了好多劲终于找到了这首歌。\n没错，熟悉的旋律，却不甚了解的歌。\n好歌，没有界点。\nChris Medina唱的每一句，都是他生命的轨迹。\n他讲它谱成曲，化为歌...』<br /><br />2.<a href=\"http://www.xiami.com/song/showcollect/id/13717418\">A smile that I would never see again</a>--<a href=\"http://www.xiami.com/song/showcollect/id/13717418\">Kitti Kuremanee</a><br />『纯净的纯净，一首无限循环的纯音乐。我喜欢宁静，尽管表面疯狂。在自己的路上，有个自己的信仰，静静走，安心走，不回头。』<br /><br />3.<a href=\"http://www.xiami.com/song/showcollect/id/13717418\">Tonight I Wanna Cry</a>--<a href=\"http://www.xiami.com/song/showcollect/id/13717418\">Keith Urban</a><br />『有句话说，男人，心坎上都有过伤，那道疤，给了爱。\n伤痛，让我们成长，成熟，理智，还有勇敢。\n把坚强放在前面\n把泪\n留给夜。』<br /><br />4.<a href=\"http://www.xiami.com/song/showcollect/id/13717418\">The Promise  </a>--<a href=\"http://www.xiami.com/song/showcollect/id/13717418\">Secret Garden</a><br />『悠扬的曲调，止水的心境，带点淡淡的感伤，生活的味道。』<br /><br />5.<a href=\"http://www.xiami.com/song/showcollect/id/13717418\">Days Of Rain</a>--<a href=\"http://www.xiami.com/song/showcollect/id/13717418\">Blowsight</a><br />『起初被它的前奏所吸引，波澜壮阔，宽广博大，给人无尽的遐思。\n而精彩的不止是前奏，每个细节，都有它鲜明的记号，一首好歌，会让你从头到尾充满惊喜。』<br /><br />6.<a href=\"http://www.xiami.com/song/showcollect/id/13717418\">秋天的海</a>--<a href=\"http://www.xiami.com/song/showcollect/id/13717418\">苏慧伦</a><br />『说实话，我不知道该怎么给这首歌写评。\n只是觉得好听，其实这就够了，你说呢？』<br /><br />7.<a href=\"http://www.xiami.com/song/showcollect/id/13717418\">My Heart Will Go On</a>--<a href=\"http://www.xiami.com/song/showcollect/id/13717418\">Celine Dion</a><br />『You jump ,l  jump ,remember?  让我们重温经典，重温Titanic曾给予我们的感动。』<br /><br />8.<a href=\"http://www.xiami.com/song/showcollect/id/13717418\">Behind Blue Eyes</a>--<a href=\"http://www.xiami.com/song/showcollect/id/13717418\">Limp Bizkit</a><br />『要记得，永远记得，梦想，是你拥有的最宝贵的东西。\n在路上，你可能会丢掉很多。\n但是，梦想，要留住。』<br /><br />9.<a href=\"http://www.xiami.com/song/showcollect/id/13717418\">Don\'t You Remember</a>--<a href=\"http://www.xiami.com/song/showcollect/id/13717418\">Adele</a><br />『缔造欧洲歌坛神话的传奇，只是因为她始终坚持自己的东西，也是与千千万万少女共通的东西，让我们继续期待她所带来的天籁。』<br /><br />10.<a href=\"http://www.xiami.com/song/showcollect/id/13717418\">What\'s the Story </a>--<a href=\"http://www.xiami.com/song/showcollect/id/13717418\">Aleksander With</a><br />『浑厚饱满的欧美男声，饱满深情的曲调悠扬，细细品，遍遍听。』<br /><br /><a href=\"http://www.xiami.com/song/showcollect/id/13717418\">查看全部曲目</a>','d404ffe5d5ec3b2e53d7111be60983c5',1350828663),(13,1,'逆袭※复古飓风','http://www.xiami.com/song/showcollect/id/13658596','创建者：Aharley<br /><br /><a href=\"http://www.xiami.com/song/showcollect/id/13658596\"><img src=\"http://img.xiami.com/./images/collect/596/96/13658596_1350306978.jpg\" style=\"border: 0;\" title=\"逆袭※复古飓风\" width=\"600\" /></a><br /><br />♪&nbsp;如果有人问“现在流行啥？”恐怕最保守滴答案就是“现在流行复古”了=&nbsp;=毕竟，啥流行风都只是吹一阵子就过了，只有复古风年年在吹，不过每阵复古风复古滴内容不一样而已=&nbsp;=曾经流行过滴时尚啥时候再兴起，谁都不好说...<br />\n<br />\n♪&nbsp;音乐，和时尚一样，曾经旧时代和当下泛滥滴流行元素，总在不断历经“流行——过时——再流行——再过时——再流行......”滴轮回路线，而那些在轮回中能持续受众的，就成为了所谓滴“经典”。“怀旧范儿”们总在叫嚣：“谁道人生无再少？门前流水尚能西。”那是，流行这个东西可不是一味向前冲不会回头滴货，某天当他们那个年代时兴滴东西再次流行起，“怀旧范儿”们滴春天也来了说~~他们想起当年烫滴爆炸头又流行了，也可以仿佛忘记了“代沟”这么回事儿，手里拿着烟斗，抖动着嘴边花白的胡子，很潮滴来一句：“现在流行复古嘿！！”<br />\n<br />\n<br />\n♪&nbsp;复古，Retro，或Vintage，一种溯旧的潮流，一种把时间玩弄于股掌之间的潮流。假如某天一时心血来潮翻出十年前那会儿流行的一双“过气鞋”，拿出来除除尘，擦擦亮，翻整过后一看，嘿！这货现在看起来还真时尚！！更可以毫不夸张的说，或许上个月还有人嘲笑你的发型太土，这个月突然一邪乎，吹来一阵风，咔！介个发型居然像坐了火箭筒似的嗖嗖嗖便贼快流行开了！！<br />\n..........................................................................................<br />\n<br />\n<br />\n(Norah&nbsp;Jones2012新砖里《Happy&nbsp;Pills》滴复古风MV)<br />\n<br />\n♪♪&nbsp;好吧，咱进入正题，正如上面诺姐的新作MV，如今21世纪初，不少大牌or小众艺人刚发滴新单or新砖都玩起了复古风，从复兴五六十年代甚至更早时候的摇滚、爵士摇摆乐到八九十年代兴起的电子乐和新浪潮。而在嘻哈、R&amp;B、流行摇滚泛滥的时候，多少人一听到那些旧时代的音乐便皱眉，直嚷嚷“真过气，都这年代了还有人听这玩意儿=&nbsp;=”。我想现在，停下脚步回顾下早些年代滴音乐也是时候了，如果2012真是世界末日，这不，也只有不到半年时间来从旧时代的流行乐中找找曾经那辉煌一时后风华散尽的感觉了说~<br />\n<strong>&nbsp;&nbsp;&nbsp;Retro,&nbsp;On!!!</strong><br /><br /><a href=\"http://www.xiami.com/song/showcollect/id/13658596\" style=\"display: block;\">去虾米试听<img alt=\"去虾米试听\" src=\"http://img.xiami.com/res/img/default/c_play.gif\" style=\"border: 0; vertical-align: middle;\" /></a><br /><br />曲目列表:<br />1.<a href=\"http://www.xiami.com/song/showcollect/id/13658596\">Holiday</a>--<a href=\"http://www.xiami.com/song/showcollect/id/13658596\">Jessie Baylin</a><br />『米国独立创作歌手Baylin今年年初新砖多了很多复古元素，最爱这首《Holiday》，听着前奏，像坐上了时光机，慢慢潜回上世纪六七十年代西方那个物欲横流初现倪端的新奇世界...\n\n鼓点起，落脚于一...』<br /><br />2.<a href=\"http://www.xiami.com/song/showcollect/id/13658596\">Wondrous Place</a>--<a href=\"http://www.xiami.com/song/showcollect/id/13658596\">The Last Shadow Puppets</a><br />『腐国好基友Alex Turner（北极猴子主唱）和Miles Kane一边英伦一边复古，再没有比这更有爱滴组合了...\n\n深受60年代流行乐“祖父级”人物Scott Walker的影响，他俩决定创...』<br /><br />3.<a href=\"http://www.xiami.com/song/showcollect/id/13658596\">You Don\'t Love Me</a>--<a href=\"http://www.xiami.com/song/showcollect/id/13658596\">Caro Emerald</a><br />『荷兰“复古舞女款”爵士女伶Caro的音乐实在太销魂了，俏皮的爵士风，加入少许现代电子的元素，一副“俘获力”十足的架势，将一首首制作精良的爵士摇摆乐摆在咱们面前招摇过市，哈哈，是的，像10年大砖中这首《...』<br /><br />4.<a href=\"http://www.xiami.com/song/showcollect/id/13658596\">Not A Friend</a>--<a href=\"http://www.xiami.com/song/showcollect/id/13658596\">Cat\'s Eyes</a><br />『成立于腐国的自赏独立二人乐队猫眼，深受60年代的Girl Group流行乐薰陶，然而他们的音乐却有着更浓的80年代英伦独立乐的感觉，尤其女主唱Rachel擅用的古典音乐背景，正好让他们的声音来得有著一...』<br /><br />5.<a href=\"http://www.xiami.com/song/showcollect/id/13658596\">Lost In the Sea</a>--<a href=\"http://www.xiami.com/song/showcollect/id/13658596\">Leftover Cuties</a><br />『成立于2008年 主打复古爵士风的米国加州独立流行乐队 由独立创作型歌手Shirli McAllen和贝斯手Austin Nicholsen组成 最近这张新砖封面就好复古的说~\n\n尤其喜欢Lost...』<br /><br />6.<a href=\"http://www.xiami.com/song/showcollect/id/13658596\">Two Fingers</a>--<a href=\"http://www.xiami.com/song/showcollect/id/13658596\">Jake Bugg</a><br />『仅有19岁滴腐国诺丁汉民谣创作歌手Bugg拥有一副像60年代Bob Dylan那样的嗓音，当然，把60年代的复古摇滚元素加进民谣也是介小帅锅滴特色之一，正如介张刚出的新砖~\n\n小帅销魂的复古英伦唱...』<br /><br />7.<a href=\"http://www.xiami.com/song/showcollect/id/13658596\">Let\'s Go For a Ride</a>--<a href=\"http://www.xiami.com/song/showcollect/id/13658596\">Pomplamoose</a><br />『米国搞怪情侣档独立组合Pomplamoose今年新砖继续延续其幽默诙谐的搞怪风格 就连大伙儿都玩过滴“愤怒小鸟”游戏主旋律都能被玩成一个奇葩混音版 这对小情侣滴油菜程度实在令人叹为观止~~\n\n新砖...』<br /><br />8.<a href=\"http://www.xiami.com/song/showcollect/id/13658596\">What Do They Say About Me?</a>--<a href=\"http://www.xiami.com/song/showcollect/id/13658596\">Strawberry Whiplash</a><br />『同样是米国情侣档的独立流行乐团Strawberry Whiplash今年新砖主打的梦幻流行还加入了独立小调的随性不拘和八九十年代的复古感觉 这首欢乐滴独立小调歌词旋律都灰常有爱 老式的流行曲风回味上口...』<br /><br />9.<a href=\"http://www.xiami.com/song/showcollect/id/13658596\">L\'inverno all\'improvviso</a>--<a href=\"http://www.xiami.com/song/showcollect/id/13658596\">Nina Zilli</a><br />『意大利新晋灵魂歌手Nina今年这张新砖封面刚看到时 一惊——有点Amy Winehouse滴赶脚哦；再打开一听，一怔——天呐，真的太有Amy滴赶脚了说！！\n\nNina同样具有韵味独特的嗓音，像Am...』<br /><br />10.<a href=\"http://www.xiami.com/song/showcollect/id/13658596\">Greatest Revenge</a>--<a href=\"http://www.xiami.com/song/showcollect/id/13658596\">The Mynabirds</a><br />『米国独立流行单人乐团The Mynabirds也是支钟情复古五六十年代流行乐的才团~这首出自今年新砖《Generals》的《Greatest Revenge》散发着浓烈六十年代流行曲风的复古味道，一段...』<br /><br /><a href=\"http://www.xiami.com/song/showcollect/id/13658596\">查看全部曲目</a>','dcdd13a8457f60f7968b281155d1500b',1350828663),(14,1,'《安眠歌曲集》让浮躁的心安静 闭上眼 那一刻你找到了另一个世界','http://www.xiami.com/song/showcollect/id/13655848','创建者：jkfish<br /><br /><a href=\"http://www.xiami.com/song/showcollect/id/13655848\"><img src=\"http://img.xiami.com/./images/collect/848/48/13655848_1350296853.jpg\" style=\"border: 0;\" title=\"《安眠歌曲集》让浮躁的心安静 闭上眼 那一刻你找到了另一个世界\" width=\"600\" /></a><br /><br />制作这个精选集的缘由很有趣也很简单，故事就是：有一晚上，我失眠了，辗转难眠啊~~~~后来捏，我抓起MP3.....那一刻，是一种轻松愉悦的感觉，于是呼呼睡着了...哈哈哈，故事就是这样。嗯.....希望这些歌曲能在你失眠的时候派上用场，又或者在安静的时候，戴上耳塞，细细聆听另一个世界的声音.....<br /><br /><a href=\"http://www.xiami.com/song/showcollect/id/13655848\" style=\"display: block;\">去虾米试听<img alt=\"去虾米试听\" src=\"http://img.xiami.com/res/img/default/c_play.gif\" style=\"border: 0; vertical-align: middle;\" /></a><br /><br />曲目列表:<br />1.<a href=\"http://www.xiami.com/song/showcollect/id/13655848\">虹</a>--<a href=\"http://www.xiami.com/song/showcollect/id/13655848\">手嶌葵</a><br />『雨后初晴，远方的虹，逐渐绽放.....』<br /><br />2.<a href=\"http://www.xiami.com/song/showcollect/id/13655848\">徒然曜日</a>--<a href=\"http://www.xiami.com/song/showcollect/id/13655848\">手嶌葵</a><br />『宛若相離 又似相依 置於輝光  日復一日 浮生夢閒 銘刻時間\n塵世喧囂 止於呼吸 此一刹那  阖上眼帘  宛若相離 又似相依 \n存於心田 逝水流年 閒寂浮生 鐫刻流年』<br /><br />3.<a href=\"http://www.xiami.com/song/showcollect/id/13655848\">La Vie En Rose</a>--<a href=\"http://www.xiami.com/song/showcollect/id/13655848\">手嶌葵</a><br />『这首是我洗澡的时候经常听的.....（没办法 本人乃手岛葵的粉丝 哈哈）』<br /><br />4.<a href=\"http://www.xiami.com/song/showcollect/id/13655848\">あなたに</a>--<a href=\"http://www.xiami.com/song/showcollect/id/13655848\">玉置浩二</a><br />『玉置浩二的声音有一种独特的魅力』<br /><br />5.<a href=\"http://www.xiami.com/song/showcollect/id/13655848\">いのちの名前</a>--<a href=\"http://www.xiami.com/song/showcollect/id/13655848\">広橋真紀子</a><br />『纯音乐』<br /><br />6.<a href=\"http://www.xiami.com/song/showcollect/id/13655848\">(Variations On) Bamboo</a>--<a href=\"http://www.xiami.com/song/showcollect/id/13655848\">George Winston</a><br />『George Winston  专辑《Montana: A Love Story》』<br /><br />7.<a href=\"http://www.xiami.com/song/showcollect/id/13655848\">Give Me Your Hand/La Valse Pour Les Pettes Jeunes Filles</a>--<a href=\"http://www.xiami.com/song/showcollect/id/13655848\">George Winston</a><br />『Give Me Your Hand  出自专辑《Plains》 感觉大叔的作品都有种空灵之韵 啊 哈哈』<br /><br />8.<a href=\"http://www.xiami.com/song/showcollect/id/13655848\">Sis puella magica!</a>--<a href=\"http://www.xiami.com/song/showcollect/id/13655848\">梶浦由記</a><br />『很熟悉....』<br /><br />9.<a href=\"http://www.xiami.com/song/showcollect/id/13655848\">It\'s only a Fairy Tale</a>--<a href=\"http://www.xiami.com/song/showcollect/id/13655848\">梶浦由記</a><br /><br /><br />10.<a href=\"http://www.xiami.com/song/showcollect/id/13655848\">流光 (Music Box) </a>--<a href=\"http://www.xiami.com/song/showcollect/id/13655848\">ルルティア</a><br />『这一首真的要戴上耳机 闭上眼 才感受到那种屋外下雨的神奇感觉~』<br /><br /><a href=\"http://www.xiami.com/song/showcollect/id/13655848\">查看全部曲目</a>','052a47e134e8cb03e56a09f9a658a211',1350828663),(15,1,'爱乐，迷乐，聆听一段安静的唯美旋律','http://www.xiami.com/song/showcollect/id/13728256','创建者：judy<br /><br /><a href=\"http://www.xiami.com/song/showcollect/id/13728256\"><img src=\"http://img.xiami.com/./images/collect/256/56/13728256_1350718043.jpg\" style=\"border: 0;\" title=\"爱乐，迷乐，聆听一段安静的唯美旋律\" width=\"600\" /></a><br /><br />时光飞快，一晃便是深秋，<br />\n不想多说，送上一些很喜欢的词句！<br />\n<br />\n因为有了因为，所以有了所以，<br />\n既然已成既然，何必再说何必。<br />\n<br />\n人生不过如此，且行且珍惜，<br />\n自己永远是自己的主角，<br />\n不要总在别人的戏剧里充当着配角。<br />\n<br />\n年轻时我们总是在开始时毫无所谓，在结束时痛彻心肺。<br />\n而长大后成熟的我们避免了幼稚的伤害，却也错过了开始的勇气<br />\n<br />\n<br />\n她，躲在花园里沉思<br />\n花、美好、时光、安静<br />\n<br />\n一万个美丽的未来抵不上一个温暖的现在，<br />\n每一个真实的现在都是你曾幻想的未来。<br />\n<br />\n没有过不去的事情，只有过不去的心情。<br />\n选一种姿态，让自己活得无可替代！<br />\n<br />\n聆听一段唯美旋律，聆听一段属于你的音乐.<br /><br /><a href=\"http://www.xiami.com/song/showcollect/id/13728256\" style=\"display: block;\">去虾米试听<img alt=\"去虾米试听\" src=\"http://img.xiami.com/res/img/default/c_play.gif\" style=\"border: 0; vertical-align: middle;\" /></a><br /><br />曲目列表:<br />1.<a href=\"http://www.xiami.com/song/showcollect/id/13728256\">If</a>--<a href=\"http://www.xiami.com/song/showcollect/id/13728256\">丁可</a><br />『浅声低吟。。寂静如雨后花朵，深邃如故友拳拳真心。 大爱！』<br /><br />2.<a href=\"http://www.xiami.com/song/showcollect/id/13728256\">Something About December</a>--<a href=\"http://www.xiami.com/song/showcollect/id/13728256\">Christina Perri</a><br />『perri新歌，还是一如既往的好』<br /><br />3.<a href=\"http://www.xiami.com/song/showcollect/id/13728256\">A Wishful Way</a>--<a href=\"http://www.xiami.com/song/showcollect/id/13728256\">跳房子</a><br />『很舒服的声音！听着觉得连思绪都变得很自由。』<br /><br />4.<a href=\"http://www.xiami.com/song/showcollect/id/13728256\">5:55</a>--<a href=\"http://www.xiami.com/song/showcollect/id/13728256\">Charlotte Gainsbourg</a><br />『低迷独立电子流行才女Charlotte Gainsbourg，这首是我最喜欢的』<br /><br />5.<a href=\"http://www.xiami.com/song/showcollect/id/13728256\">GRACEKELLY</a>--<a href=\"http://www.xiami.com/song/showcollect/id/13728256\">大橋トリオ</a><br />『很好的，很不错』<br /><br />6.<a href=\"http://www.xiami.com/song/showcollect/id/13728256\">Farewell Dear Ghost</a>--<a href=\"http://www.xiami.com/song/showcollect/id/13728256\">Monta</a><br />『最喜欢isitover重复的旋律安静或者欢快』<br /><br />7.<a href=\"http://www.xiami.com/song/showcollect/id/13728256\">How</a>--<a href=\"http://www.xiami.com/song/showcollect/id/13728256\">Regina Spektor</a><br />『漂亮的女生，华丽的声音，独特的旋律，艳丽的音符跳动，很值得回味』<br /><br />8.<a href=\"http://www.xiami.com/song/showcollect/id/13728256\">Changes</a>--<a href=\"http://www.xiami.com/song/showcollect/id/13728256\">Jack Savoretti</a><br />『忧郁，深情的述说着，每一句词都穿心灵，压抑着的心情自然流淌，就像久别蓝天、白云、草地这一切从听到旋律的那一刻都回来了.』<br /><br />9.<a href=\"http://www.xiami.com/song/showcollect/id/13728256\">River</a>--<a href=\"http://www.xiami.com/song/showcollect/id/13728256\">Herbie Hancock</a><br />『很不错的轻爵士』<br /><br />10.<a href=\"http://www.xiami.com/song/showcollect/id/13728256\">Good Intent</a>--<a href=\"http://www.xiami.com/song/showcollect/id/13728256\">Kimbra</a><br />『奇怪的调调总能勾起人的好奇和喜欢』<br /><br /><a href=\"http://www.xiami.com/song/showcollect/id/13728256\">查看全部曲目</a>','eb81bc871d8fb3c8ce25750a2007da85',1350828663),(16,1,'我想给你听的歌','http://www.xiami.com/song/showcollect/id/13720799','创建者：我不咬人<br /><br /><a href=\"http://www.xiami.com/song/showcollect/id/13720799\"><img src=\"http://img.xiami.com/./images/collect/799/99/13720799_1350668116.jpg\" style=\"border: 0;\" title=\"我想给你听的歌\" width=\"600\" /></a><br /><br />每次换彩铃都是在表达一种心情啊~&nbsp;唱给某个人的，唱给自己的。唱给大家的。同样有这个功能的还有铃声。&nbsp;<br />\n其实每一首歌呢，都有一段情节。<br />\n哪怕权当是播放列表听听，应该也还不错。<br /><br /><a href=\"http://www.xiami.com/song/showcollect/id/13720799\" style=\"display: block;\">去虾米试听<img alt=\"去虾米试听\" src=\"http://img.xiami.com/res/img/default/c_play.gif\" style=\"border: 0; vertical-align: middle;\" /></a><br /><br />曲目列表:<br />1.<a href=\"http://www.xiami.com/song/showcollect/id/13720799\">错的人</a>--<a href=\"http://www.xiami.com/song/showcollect/id/13720799\">萧亚轩</a><br />『给德庄，4月初我们坐在桃花坞一起听这首歌的时候，悔过我们所做的傻事的时候。甚至我对面坐着伴郎，什么话都不讲只是哭的时候，我却不敢告诉任何人我哭是因为胖子。\n不敢承认那时候自己很爱他。然后第二天，这歌...』<br /><br />2.<a href=\"http://www.xiami.com/song/showcollect/id/13720799\">慢慢</a>--<a href=\"http://www.xiami.com/song/showcollect/id/13720799\">张学友</a><br />『我近期的单曲循环。”慢慢慢慢没有感觉，慢慢慢慢我被忽略“ 温水煮青蛙。』<br /><br />3.<a href=\"http://www.xiami.com/song/showcollect/id/13720799\">If I Ain\'t Got You[kanye West Remix]</a>--<a href=\"http://www.xiami.com/song/showcollect/id/13720799\">Alicia Keys</a><br />『适合做铃声的版本。它只会属于我的那个他，不管是谁，这个传统没变过。』<br /><br />4.<a href=\"http://www.xiami.com/song/showcollect/id/13720799\">If I Ain\'t Got You (piano Vocal Version)</a>--<a href=\"http://www.xiami.com/song/showcollect/id/13720799\">Alicia Keys</a><br />『最爱的歌，基本没有之一，最爱的版本应该是她跟usher的合唱版。』<br /><br />5.<a href=\"http://www.xiami.com/song/showcollect/id/13720799\">福笑い</a>--<a href=\"http://www.xiami.com/song/showcollect/id/13720799\">高橋優</a><br />『如果你笑了，我也会想笑，如果你哭了，我也会想要哭 的感觉，美好而短暂。这就是我给你看的那段台湾视频的背景音乐啊。@Aling』<br /><br />6.<a href=\"http://www.xiami.com/song/showcollect/id/13720799\">隔离</a>--<a href=\"http://www.xiami.com/song/showcollect/id/13720799\">铁竹堂</a><br />『其实算是一般的歌， ”我是用心爱过你，住过你心里” 失恋时候会想唱的歌。』<br /><br />7.<a href=\"http://www.xiami.com/song/showcollect/id/13720799\">情歌两三首</a>--<a href=\"http://www.xiami.com/song/showcollect/id/13720799\">郭顶</a><br />『默默的想念下Brian哥。 那一年，说为了听彩铃，随时都可能打我的电话。后来这就成了他的手机铃声。还走到哪里哼到哪里。\n要感谢他在7月一回来就陪我喝酒。摔！算起来7月末的时候就开始为了胖子的事开始买...』<br /><br />8.<a href=\"http://www.xiami.com/song/showcollect/id/13720799\">寂寞先生</a>--<a href=\"http://www.xiami.com/song/showcollect/id/13720799\">曹格</a><br />『”人类除了擅长颓废，做什么都不对。”\n人在爱情里越颓废，就会越多安慰。』<br /><br />9.<a href=\"http://www.xiami.com/song/showcollect/id/13720799\">悲歌王</a>--<a href=\"http://www.xiami.com/song/showcollect/id/13720799\">曹格</a><br />『我有权利唱最最惨的情歌，因为你没有我一半的伤痕遍体。 只为这句，变成彩铃。』<br /><br />10.<a href=\"http://www.xiami.com/song/showcollect/id/13720799\">9 Crimes</a>--<a href=\"http://www.xiami.com/song/showcollect/id/13720799\">Damien Rice;Lisa Hannigan</a><br />『悲凉而沧桑』<br /><br /><a href=\"http://www.xiami.com/song/showcollect/id/13720799\">查看全部曲目</a>','fa71099bdfdea94085167e280edf2e13',1350828663),(17,1,'潘斯特の黑匣子','http://www.xiami.com/song/showcollect/id/13140099','创建者：PietroPan<br /><br /><a href=\"http://www.xiami.com/song/showcollect/id/13140099\"><img src=\"http://img.xiami.com/./images/collect/99/99/13140099_1348191567.jpg\" style=\"border: 0;\" title=\"潘斯特の黑匣子\" width=\"600\" /></a><br /><br />宇宙小冒险家潘斯特，相信自己是与众不同的外星人的潘斯特，喜欢驾驶自己的小飞船在宇宙中穿梭~~<br />\n在宇宙中有一处这样的地方：有柔软的毛毯沙发可坐，有小小的机器人儿对你撒娇，平和的光芒会从头至脚温柔地包裹着你~~<br />\n潘斯特很怕吵，别的星球的音乐都太吵了，潘斯特想要一些对耳朵跟身体都友善点的音乐，一种无压力的聆听情境。<br />\n而什么样的音乐能有这样的感觉呢？如果在音乐里加点童年梦境里的异国风情？<br />\n比如地球上大叔唱的的民谣、轻爵士、打击乐、游戏主题曲，是不是有一种难得的惬意？<br />\n潘斯特的黑匣子里收集了各种氛围强大的电子乐，弦乐和外星人声的加入足以让你的双脚离开地面，去触摸宇宙中空旷迷幻的光芒~~<br />\n开始没日没夜的重播吧~少年，音乐才是最爽的冒险~~<br /><br /><a href=\"http://www.xiami.com/song/showcollect/id/13140099\" style=\"display: block;\">去虾米试听<img alt=\"去虾米试听\" src=\"http://img.xiami.com/res/img/default/c_play.gif\" style=\"border: 0; vertical-align: middle;\" /></a><br /><br />曲目列表:<br />1.<a href=\"http://www.xiami.com/song/showcollect/id/13140099\">Wake Up Wake Up</a>--<a href=\"http://www.xiami.com/song/showcollect/id/13140099\">Lullatone</a><br />『Lullatone的音乐最接近Kidult的核心，Kidult由Kid和ault两个单词拼接而成，音乐都很简单美好。轻柔的叮叮咚咚声很像婴儿床上的那种会转出声音来的玩具呢，快醒来吧，来一场PAJAMA...』<br /><br />2.<a href=\"http://www.xiami.com/song/showcollect/id/13140099\">Akatombo.</a>--<a href=\"http://www.xiami.com/song/showcollect/id/13140099\">Isan</a><br />『玩具音乐盒音效的细柔歌声，将童年感伤转化为心灵的憧景梦想。清脆细碎的叮咚铃响声，随后带出悠扬空灵的女声吟唱。有一片花瓣轻轻飘荡在空中，时空重返的错觉中略带愁绪 。还记得那首晚霞中的红蜻蜓吗？悉悉疏疏，...』<br /><br />3.<a href=\"http://www.xiami.com/song/showcollect/id/13140099\">Exactly Where We\'re From</a>--<a href=\"http://www.xiami.com/song/showcollect/id/13140099\">Mirah</a><br />『天真纯洁的孩童味道，轻柔跳跃的音符。即使你已对周围的一切都已习惯，也会敞开四肢，在这音乐中去重新拾起对生活的无限甜蜜美好。』<br /><br />4.<a href=\"http://www.xiami.com/song/showcollect/id/13140099\">Way Beyond</a>--<a href=\"http://www.xiami.com/song/showcollect/id/13140099\">Morcheeba</a><br />『Morcheeba已经红透英伦，乐评称为当今国际乐坛上电子乐界独一无二的组合。Skye Edwards带着浓厚闲适慵懒的爵士味、甜蜜感伤而脆弱颓废的嗓音，合着缓缓的鼓点节拍，浪漫美丽的旋律，略带虚幻的...』<br /><br />5.<a href=\"http://www.xiami.com/song/showcollect/id/13140099\">Porcelain</a>--<a href=\"http://www.xiami.com/song/showcollect/id/13140099\">Moby</a><br />『弦乐的忧伤和钢琴的细腻，配合电子鼓和人声的虚无，空灵唯美，窗外灯光迷离，一瞬间不知道身在何处，俗世烦忧烟消云散，恍若隔世！』<br /><br />6.<a href=\"http://www.xiami.com/song/showcollect/id/13140099\">Nobody\'s Perfect</a>--<a href=\"http://www.xiami.com/song/showcollect/id/13140099\">Madonna</a><br /><br /><br />7.<a href=\"http://www.xiami.com/song/showcollect/id/13140099\">All I Need</a>--<a href=\"http://www.xiami.com/song/showcollect/id/13140099\">Air</a><br />『客串，电子蛙音和原音吉它的开场简直叫人欲仙欲死，美国女歌手Beth Hirsch飘逸的和声也有一种美妙的催眠效果，怀旧感强烈键盘的适时加入妙到颠毫。』<br /><br />8.<a href=\"http://www.xiami.com/song/showcollect/id/13140099\">Natural Blues</a>--<a href=\"http://www.xiami.com/song/showcollect/id/13140099\">Moby</a><br />『大自然蓝调』<br /><br />9.<a href=\"http://www.xiami.com/song/showcollect/id/13140099\">Fade Into You </a>--<a href=\"http://www.xiami.com/song/showcollect/id/13140099\">Mazzy Star</a><br />『退变成你』<br /><br />10.<a href=\"http://www.xiami.com/song/showcollect/id/13140099\">Rilkean Heart</a>--<a href=\"http://www.xiami.com/song/showcollect/id/13140099\">Cocteau Twins</a><br />『王菲“怀念”原曲。Cocteau Twins曾与王菲有过短短合作。主唱LIZ具有低音的磁性与高音的缥缈的双重特质。由此她被无数乐迷视为女神，模仿者不计其数。那种迷幻，带着一种冰冷得如同钻石般的美，亦真...』<br /><br /><a href=\"http://www.xiami.com/song/showcollect/id/13140099\">查看全部曲目</a>','8c5a4d74e0a90d32f10d36c6a15c3862',1350828663),(18,1,'很想和回忆say goodnight 。','http://www.xiami.com/song/showcollect/id/13686664','创建者：Célestin<br /><br /><a href=\"http://www.xiami.com/song/showcollect/id/13686664\"><img src=\"http://img.xiami.com/./images/collect/664/64/13686664_1350475335.jpg\" style=\"border: 0;\" title=\"很想和回忆say goodnight 。\" width=\"600\" /></a><br /><br />生命中一定有一段长长的路程&nbsp;是需要坐很久的火车才能到达目的地的旅程<br />\n<br />\n从清晨出发&nbsp;又经过无数个晴朗的清晨&nbsp;这些进入耳朵的音乐&nbsp;是虫鸣&nbsp;是灰尘跳跃在空气中&nbsp;<br />\n<br />\n是记忆中某一处缺口的渐渐愈合<br />\n<br />\n适合夜晚的15首音乐&nbsp;愿你好梦&nbsp;愿你的回忆在夜晚中与星辰一同闪耀<br />\n<br />\n会随着心情不定时更新&nbsp;<br />\n<br />\n若觉得还不错&nbsp;请按赞＜<br />\n<br />\n<br /><br /><a href=\"http://www.xiami.com/song/showcollect/id/13686664\" style=\"display: block;\">去虾米试听<img alt=\"去虾米试听\" src=\"http://img.xiami.com/res/img/default/c_play.gif\" style=\"border: 0; vertical-align: middle;\" /></a><br /><br />曲目列表:<br />1.<a href=\"http://www.xiami.com/song/showcollect/id/13686664\">Homesick</a>--<a href=\"http://www.xiami.com/song/showcollect/id/13686664\">Kings of Convenience</a><br />『好久没听到这么有感觉的清新民谣 我听不懂你在唱什么 但似乎听到了一种小时候的味道』<br /><br />2.<a href=\"http://www.xiami.com/song/showcollect/id/13686664\">Say Hello</a>--<a href=\"http://www.xiami.com/song/showcollect/id/13686664\">Rosie Thomas</a><br />『舒服的女声 和 懒懒的男声 短短的旧时光』<br /><br />3.<a href=\"http://www.xiami.com/song/showcollect/id/13686664\">Blue Suede Shoes</a>--<a href=\"http://www.xiami.com/song/showcollect/id/13686664\">Chris Garneau</a><br />『简单但有趣的编曲 好像小时候妈妈讲的床边故事』<br /><br />4.<a href=\"http://www.xiami.com/song/showcollect/id/13686664\">사랑한대</a>--<a href=\"http://www.xiami.com/song/showcollect/id/13686664\">Standing Egg;Windy</a><br />『百听不厌的韩国小清新\n听的时候 会想起你』<br /><br />5.<a href=\"http://www.xiami.com/song/showcollect/id/13686664\">Sugar Boy</a>--<a href=\"http://www.xiami.com/song/showcollect/id/13686664\">Dolly\'s Pillbox</a><br />『初中时暗恋过的隔壁班男生 很想知道他现在是不是还像以前那样 光芒闪耀』<br /><br />6.<a href=\"http://www.xiami.com/song/showcollect/id/13686664\">喜欢</a>--<a href=\"http://www.xiami.com/song/showcollect/id/13686664\">张悬</a><br />『在所有人事已非的景色里 我最喜欢你 \n是啊 好像曾经都天真的以为 喜欢你 是我做所有事情的动力』<br /><br />7.<a href=\"http://www.xiami.com/song/showcollect/id/13686664\">她的改变</a>--<a href=\"http://www.xiami.com/song/showcollect/id/13686664\">雷光夏</a><br />『今天去了台北的朵儿咖啡馆 第三十个故事中 桂纶镁和林宸希 带给我们好多感动』<br /><br />8.<a href=\"http://www.xiami.com/song/showcollect/id/13686664\">迟到千年</a>--<a href=\"http://www.xiami.com/song/showcollect/id/13686664\">苏打绿</a><br />『我相信 会有一个人 穿越千年的尘土 缓缓而来 我认为sodagreen最有意境的情歌』<br /><br />9.<a href=\"http://www.xiami.com/song/showcollect/id/13686664\">Gotta Have You</a>--<a href=\"http://www.xiami.com/song/showcollect/id/13686664\">The Weepies</a><br />『很像taya的一首歌 懒懒的 碎碎的 怎么也不会讨厌吧』<br /><br />10.<a href=\"http://www.xiami.com/song/showcollect/id/13686664\">任性</a>--<a href=\"http://www.xiami.com/song/showcollect/id/13686664\">孙燕姿</a><br />『很小的时候 知道孙燕姿 是短发的天黑黑 还有这首 一直舍不得删掉的任性 \n曾经填满你我整个青春的任性』<br /><br /><a href=\"http://www.xiami.com/song/showcollect/id/13686664\">查看全部曲目</a>','799842ad9040084456a0595b738bc102',1350828663),(19,1,'前奏的钢琴刚刚响起，滚烫的眼泪已落满地','http://www.xiami.com/song/showcollect/id/13707741','创建者：chym<br /><br /><a href=\"http://www.xiami.com/song/showcollect/id/13707741\"><img src=\"http://img.xiami.com/./images/collect/741/41/13707741_1350610310.jpg\" style=\"border: 0;\" title=\"前奏的钢琴刚刚响起，滚烫的眼泪已落满地\" width=\"600\" /></a><br /><br />很多歌曲都是钢琴伴奏<br />\n<br />\n尤其是那些略微伤感的<br />\n<br />\n每当听到那熟悉的旋律<br />\n<br />\n一种莫名的情愫在悸动<br />\n<br />\n很舒服，很惬意<br />\n<br />\n也很感慨<br />\n<br />\n收录一些钢琴伴奏的动听的歌曲<br />\n<br />\n有老歌也有新歌<br />\n<br />\n有男生也有女生<br />\n<br />\n<br />\n这张都是中文的，如果有时间，再搞张英文的，<br /><br /><a href=\"http://www.xiami.com/song/showcollect/id/13707741\" style=\"display: block;\">去虾米试听<img alt=\"去虾米试听\" src=\"http://img.xiami.com/res/img/default/c_play.gif\" style=\"border: 0; vertical-align: middle;\" /></a><br /><br />曲目列表:<br />1.<a href=\"http://www.xiami.com/song/showcollect/id/13707741\">我的歌声里</a>--<a href=\"http://www.xiami.com/song/showcollect/id/13707741\">曲婉婷</a><br /><br /><br />2.<a href=\"http://www.xiami.com/song/showcollect/id/13707741\">红豆</a>--<a href=\"http://www.xiami.com/song/showcollect/id/13707741\">王菲</a><br /><br /><br />3.<a href=\"http://www.xiami.com/song/showcollect/id/13707741\">好久不见</a>--<a href=\"http://www.xiami.com/song/showcollect/id/13707741\">陈奕迅</a><br /><br /><br />4.<a href=\"http://www.xiami.com/song/showcollect/id/13707741\">叶子 </a>--<a href=\"http://www.xiami.com/song/showcollect/id/13707741\">阿桑</a><br /><br /><br />5.<a href=\"http://www.xiami.com/song/showcollect/id/13707741\">金玉良言</a>--<a href=\"http://www.xiami.com/song/showcollect/id/13707741\">张智成</a><br /><br /><br />6.<a href=\"http://www.xiami.com/song/showcollect/id/13707741\">气球</a>--<a href=\"http://www.xiami.com/song/showcollect/id/13707741\">许哲珮</a><br /><br /><br />7.<a href=\"http://www.xiami.com/song/showcollect/id/13707741\">小情歌</a>--<a href=\"http://www.xiami.com/song/showcollect/id/13707741\">苏打绿</a><br /><br /><br />8.<a href=\"http://www.xiami.com/song/showcollect/id/13707741\">春泥</a>--<a href=\"http://www.xiami.com/song/showcollect/id/13707741\">庾澄庆</a><br /><br /><br />9.<a href=\"http://www.xiami.com/song/showcollect/id/13707741\">不管有多苦</a>--<a href=\"http://www.xiami.com/song/showcollect/id/13707741\">那英</a><br /><br /><br />10.<a href=\"http://www.xiami.com/song/showcollect/id/13707741\">恒星</a>--<a href=\"http://www.xiami.com/song/showcollect/id/13707741\">汪峰</a><br /><br /><br /><a href=\"http://www.xiami.com/song/showcollect/id/13707741\">查看全部曲目</a>','67844d3e84f9bc64c6f005d10a15f369',1350828663),(20,1,'不吵不闹的欧美节奏。听的时候想起你。','http://www.xiami.com/song/showcollect/id/13696597','创建者：-陈小仙er<br /><br /><a href=\"http://www.xiami.com/song/showcollect/id/13696597\"><img src=\"http://img.xiami.com/./images/collect/597/97/13696597_1350539359.jpg\" style=\"border: 0;\" title=\"不吵不闹的欧美节奏。听的时候想起你。\" width=\"600\" /></a><br /><br />才发现。<br />\n我们听的歌有这么多的交集。<br />\n很开心。<br />\n也很庆幸。<br />\n你不在身边的时候。<br />\n可以听到自己喜欢你也喜欢的歌。<br />\n然后。<br />\n想你。<br />\n温柔的。<br />\n安静的。<br />\n不吵不闹的。<br />\n或许稍稍有点躁动的。<br />\n甚至是伤感的。<br />\n有了你的味道。<br />\n也可以都是甜蜜的。<br />\n<br />\nmy新浪微博：http://weibo.com/kikimaococo<br /><br /><a href=\"http://www.xiami.com/song/showcollect/id/13696597\" style=\"display: block;\">去虾米试听<img alt=\"去虾米试听\" src=\"http://img.xiami.com/res/img/default/c_play.gif\" style=\"border: 0; vertical-align: middle;\" /></a><br /><br />曲目列表:<br />1.<a href=\"http://www.xiami.com/song/showcollect/id/13696597\">Whistle</a>--<a href=\"http://www.xiami.com/song/showcollect/id/13696597\">Flo Rida</a><br />『一听到这个歌，就想到你。』<br /><br />2.<a href=\"http://www.xiami.com/song/showcollect/id/13696597\">1973</a>--<a href=\"http://www.xiami.com/song/showcollect/id/13696597\">James Blunt</a><br />『你跟我这首歌很好听，听完我就悄悄下下来。』<br /><br />3.<a href=\"http://www.xiami.com/song/showcollect/id/13696597\">Apologize</a>--<a href=\"http://www.xiami.com/song/showcollect/id/13696597\">OneRepublic</a><br />『虽然很早以前就喜欢听，恰巧你也爱，我就更爱。』<br /><br />4.<a href=\"http://www.xiami.com/song/showcollect/id/13696597\">如果·爱</a>--<a href=\"http://www.xiami.com/song/showcollect/id/13696597\">张学友</a><br />『忘不了你在ktv里唱ta的时候沉醉的模样。』<br /><br />5.<a href=\"http://www.xiami.com/song/showcollect/id/13696597\">Good Good</a>--<a href=\"http://www.xiami.com/song/showcollect/id/13696597\">Ashanti</a><br />『从我的歌单子随便拉进来的，很早前听过收藏的，』<br /><br />6.<a href=\"http://www.xiami.com/song/showcollect/id/13696597\">Wild Wild West [Featuring Dru Hill/Kool Mo Dee]</a>--<a href=\"http://www.xiami.com/song/showcollect/id/13696597\">Will Smith</a><br />『喜欢前奏部分小孩子的嗲音。』<br /><br />7.<a href=\"http://www.xiami.com/song/showcollect/id/13696597\">爱坏</a>--<a href=\"http://www.xiami.com/song/showcollect/id/13696597\">黄龄</a><br /><br /><br />8.<a href=\"http://www.xiami.com/song/showcollect/id/13696597\">This Is a Problem</a>--<a href=\"http://www.xiami.com/song/showcollect/id/13696597\">Great Northern</a><br /><br /><br />9.<a href=\"http://www.xiami.com/song/showcollect/id/13696597\">Empire State of Mind </a>--<a href=\"http://www.xiami.com/song/showcollect/id/13696597\">Jay-Z;Alicia Keys</a><br />『虽然是老掉牙的歌了，夜店也经常放，但是从你的铃声里面听到过，我便把它收藏下来，越安静的时候越要大声听，仿佛是从你的手机里面跑出来的音量，我说：小点声。』<br /><br />10.<a href=\"http://www.xiami.com/song/showcollect/id/13696597\">Run This Town</a>--<a href=\"http://www.xiami.com/song/showcollect/id/13696597\">Jay-Z;Kanye West and Rihanna</a><br /><br /><br /><a href=\"http://www.xiami.com/song/showcollect/id/13696597\">查看全部曲目</a>','282ef5e1104256315bcfc40c14d365c4',1350828663);
/*!40000 ALTER TABLE `rss_feed_contents` ENABLE KEYS */;
UNLOCK TABLES;

--
-- Table structure for table `rss_feeds`
--

DROP TABLE IF EXISTS `rss_feeds`;
/*!40101 SET @saved_cs_client     = @@character_set_client */;
/*!40101 SET character_set_client = utf8 */;
CREATE TABLE `rss_feeds` (
  `feed_id` int(20) unsigned NOT NULL AUTO_INCREMENT,
  `feed_url` varchar(512) NOT NULL,
  `title` varchar(50) DEFAULT NULL,
  `last_access` int(11) unsigned DEFAULT NULL,
  `last_update` int(11) unsigned DEFAULT NULL,
  PRIMARY KEY (`feed_id`)
) ENGINE=InnoDB AUTO_INCREMENT=11 DEFAULT CHARSET=utf8;
/*!40101 SET character_set_client = @saved_cs_client */;

--
-- Dumping data for table `rss_feeds`
--

LOCK TABLES `rss_feeds` WRITE;
/*!40000 ALTER TABLE `rss_feeds` DISABLE KEYS */;
INSERT INTO `rss_feeds` VALUES (1,'http://www.xiami.com/collect/feed','虾米音乐',NULL,NULL),(2,'http://www.guokr.com/rss/','果壳网',NULL,NULL),(3,'http://feed.luobo8.com/','萝卜网',NULL,NULL),(4,'http://rss.jiaren.org/','佳人',NULL,NULL),(5,'http://www.ppurl.com/feed','皮皮书屋',NULL,NULL),(6,'http://feed.feedsky.com/yeeyan','译言',NULL,NULL),(7,'http://www.infzm.com/rss/home/rss2.0.xml','南方周末',NULL,NULL),(8,'http://www.verycd.com/sto/music/asia/feed','音乐-日韩音乐',NULL,NULL),(9,'http://news.qq.com/newsgn/rss_newsgn.xml','腾讯-新闻中心',NULL,NULL),(10,'http://feed.36kr.com/c/33346/f/566026/index.rss','36氪',123,123);
/*!40000 ALTER TABLE `rss_feeds` ENABLE KEYS */;
UNLOCK TABLES;

--
-- Table structure for table `rss_user_collect`
--

DROP TABLE IF EXISTS `rss_user_collect`;
/*!40101 SET @saved_cs_client     = @@character_set_client */;
/*!40101 SET character_set_client = utf8 */;
CREATE TABLE `rss_user_collect` (
  `uid` mediumint(8) unsigned NOT NULL,
  `feed_id` int(20) unsigned NOT NULL,
  `collect_title` varchar(50) DEFAULT NULL,
  `collect_url` varchar(512) NOT NULL,
  `collect_summary` text NOT NULL,
  `collect_addtime` int(11) unsigned NOT NULL,
  KEY `uid` (`uid`),
  KEY `feed_id` (`feed_id`),
  CONSTRAINT `rss_user_collect_ibfk_1` FOREIGN KEY (`uid`) REFERENCES `rss_users` (`uid`),
  CONSTRAINT `rss_user_collect_ibfk_2` FOREIGN KEY (`feed_id`) REFERENCES `rss_feeds` (`feed_id`)
) ENGINE=InnoDB DEFAULT CHARSET=utf8;
/*!40101 SET character_set_client = @saved_cs_client */;

--
-- Dumping data for table `rss_user_collect`
--

LOCK TABLES `rss_user_collect` WRITE;
/*!40000 ALTER TABLE `rss_user_collect` DISABLE KEYS */;
INSERT INTO `rss_user_collect` VALUES (1,6,'1964-1996：中国的核试验 - 第二部分','http://article.yeeyan.org/view/234235/326525','<p>译者  <a href=\"http://space.yeeyan.org/u/234235\">鬼重</a></p><p>\n	<span><em><img alt=\"\" src=\"http://cdn.yeeyan.org/upload/image/2012/10/21144014_55686.jpg\" /><br />\n</em></span> \n</p>\n<p>\n	<span><em>科学城入口处的雕塑，这里是一处建筑群，地点坐落在中国中部，靠近绵阳，它是中国核武项目的中心。碑顶部片状物体象征核爆炸；杆状物代表辐射出伽马射线。（Danny Stillman供图）</em></span> \n</p>\n<p>\n	<br />\n</p>\n<span style=\"font-size: 14px;\"><strong>科学城入口的雕塑</strong></span><br />\n<span>科学城是一处庞大的由中心实验场所及办公室构成的建筑群，如今它掌控着中国的核武项目，Stillman首次访问之际，整座科学城接近完成了。此前十年间，科学城都在持续建设，为了取代按照苏联人规划（其后果是目标暴露）建造的海北核基地（译注：青海省海北藏族自治州），海北的位置过于靠北（译注：指过于靠近苏联）。这座科学城也用来代替位于梓潼的过渡性设施。科学城的入口立着一座雕塑塔，象征着核武器的爆炸。Stillman一进入科学城，就看到了现代化的行政大厦、体面的宿舍和宾馆、此前谈到过的高能爆炸设备、一处计算中心（属于中国第一代超级计算机之一）以及大量成组的实验室和机器车间。Stillman受到了热情的欢迎。鉴于他是来访科学城的第一位美国人，对此，他此行的有关接待方表现出来的是好奇，热情，以及安全守则所能允许的坦率。</span><br />\n<br />\n<span>在返回成都机场的路上，现代化的中国留在了身后，陈旧的中国重现了。Stillman的车队在返程的路上碰到了一处洗车站。他以为这表明科学城带来的放射性污染，需要进行洗消。可是并非如此。原来那个洗车棚只是当地山区住民设立的收费点。即便有访问中国核武心脏的外交高官证件，也不能免收费用。当局安排的司机为了避免时间延误太多，只能支付“洗车费”，然后继续上路。</span><br />\n<br />\n<span style=\"font-size: 14px;\"><strong>西安</strong></span><br />\n<span>下一站是西安，大多数外来客都认为西安是古代兵马俑的故乡，但西安也是距离西北核技术研究所最近的城市。而西北核技术研究所（NINT）的主业是核爆诊断。近千名的科学家在此研究所工作，其学科专业包括了地球科学、辐射化学、仪器仪表制造、微型计算机、以及核硬化处理。作为安排上的惯例，Stillman在NINT的陪同者，说一口流利的英语，之前从美国某个一流技术院校毕业，这回，则是加州理工的一名物理学博士。西安和NINT都具有苏联斯大林风格的建筑及工艺特点，这是确凿无疑的：建筑物在竣工时看上去就感觉显得老气；破损的窗户用纸板抵御着寒冷；电梯把乘客送达指定楼层，精度上会有大概一英尺范围内的误差。但是，当访客们一看到中国人的X射线闪光（flash x-ray）设备，那些不适之感就被抛诸脑后了，这是他们所看过的此类设备当中最为精妙的一个。这种仪器用作内爆诊断及辐射硬化测试。NINT的科学家们也向Stillman提出了全是很在行的问题；他们对美国核爆试验程序的熟悉程度，简直是不可思议。</span><br />\n<br />\n<span>核武的安全问题当时在中国未能列入第一优先考虑的名单当中。中国人对Stillman的回答是：承认他们的武器不具有“单点安全性（one point safe）”，这即是指他们没有使用钝化的高能炸药，也就是说，偶发的引爆实际上就能产生一些核能当量。此后几十年间，中国对其核储备进行了补救的工作。中国科学家也了解热循环对高能炸药的影响；他们禁止核武器在阳光下曝晒过长的时间。这倒引起Stillman对武器安全性的讨论：“中国核武是否包含特别设计的功能或保护装置，来预防未经授权的使用？”NINT的领导人回应称，恐怖主义不在他们核武器设计的考虑范围内，中国人的纪律准则可以预防未经授权的使用。当时，中国人的核武器项目依赖“政治可靠性”来保障安全，而不是通过电子技术来保障。这位领导者的确也赞同那种安全与防护政策需要改变。我不确定他所谓的改变是否已兑现了。</span><span>（译注：</span><span>单点安全性，参考</span>http://en.wikipedia.org/wiki/Nuclear_weapon_design<span>）</span><br />\n<br />\n在西安释疑解惑的讨论只是序曲罢了，随后是另一趟令人神经紧张的飞行，这次搭乘的是摇摇晃晃的俄制飞机，目标：北京。北京不仅是中国首都；也是成组的核项目机构所在地，其中包括应用物理及计算数学研究院（IAPCM）。去年抵达New Mexico的低调访客中的一个人，以IAPCM主管之一的身份露面了。<br />\n<br />\n<span>核武器的设计已经变得高度依赖计算机，但在1990年，中国核研究工作者们只有一台能完成二维流体力学计算的超级计算机。即银河2号。这台计算机位于长沙，生产它的单位也在那里，长沙在北京以南，两者距离1300公里。湖南的这台超级计算机所在的地点，还牵扯到某个计划在1992年进行的先进武器设计的测试，所以直到1993年第二台银河2号在北京问世以前，北京的核武设计人员不得不于两座城市之间来往奔波。</span><br />\n<br />\n<span style=\"font-size: 14px;\"><strong>第二次访问之旅</strong></span><br />\n<span>Stillman返回美国后，度过了1990年的夏季，又于当年秋季再次来到中国，此行是要参观中国核武项目的测试部分。他再次飞抵成都，车队行进了一个上午，到达了一处迄今不为人知的场所。该地点曾标明的是西南核物理化学研究所。位置在偏僻的山区，掩蔽于峡谷中。那里有舒适的现代化宾馆。当然，最引人关注的是还未曾看过的瞬态爆炸反应器，又称为FBR-2，两年前由Stillman和杨福家首次在谈话中提及。</span><br />\n<br />\n<span>那个下午是历史性的，Stillman带领的美国代表团通过了层层的防卫——所有这些警卫都配备AK47（Kalashnikovs）。这个场所的标志上印着596图案，这是铭记苏联在1959年抛弃了他们的中国同志。（参见52页的图2。）FBR-2是一种能在微秒级别之内产生急剧通量的中子和伽马射线的装置，故此能够模拟在核装置引爆过程中的中子辐射。（为避免它爆掉整个试验场，阻止反应扩大的窍门在于能够关闭反应器。）Stillman知道中国某个地方肯定存在这种装置，所以他才会向杨福家发出询问。然而当他们抵达这个地点的时候，美国代表团的成员们获知这种装置的第一代FBR-1已在14年前投入了使用，现在使用的是新一代型号，老的已经淘汰多时。这一次，美国人获得了全面参观FBR装置的机会。</span><br />\n<br />\n<span>此后，他们再次访问了科学城，在那里Stillman的收获远超第一次访问。例如，他能被允许仔细的查看高爆测试装置。在受到近距观察的设备当中，令人印象深刻的是X射线闪光机，这种装置是用来揭示内爆发生的全部过程的。傍边的分幅相机（Framing cameras）频率是每秒一百万帧。内爆球体内的探针提供着更多内爆对称性的数据。从任何一个标准来看，技术都堪称尖端。</span><br />\n<br />\n<span style=\"font-size: 14px;\"><strong>前往罗布泊</strong></span><br />\n<span>返回成都后，访问团飞往乌鲁木齐，它是新疆省会，一座距离中国核武试验点罗布泊最近的城市。下了飞机之后接着是折磨人的六小时车程，要经过群山和荒漠，最后抵达一座新城镇：马兰，地图上虽找不到它，那里却聚集着人数约两千的人民解放军以及大概八千名平民，这种高度自组织化的军事结构，在中国军队中是普遍的。欢迎Stillman的聚会在午夜举行，人们烤了一只羊羔，新鲜的水果似乎永远吃不完。聚会上的服务员都是解放军女战士，能说点英语；口译员的英语则都很不错，包括口语。他们的常务工作是把大量美国出版物译成汉语，提供给试验基地的科学家使用。</span><br />\n<br />\n<span>参与Stillman访问活动的一些要人，也从北京飞抵此地。他们大多会讲上佳的英语，似乎都很爱谈论他们的子女在美国的成就。负责挖掘垂直测试井的一位工程人员，二战期间，甚至也在美国工作过；他的子女们都在美国顶尖工程院校注册在学。这一次中国大漠里的夜宴活动，就像是在Los Alamos山坡上举办的野餐。</span><br />\n<br />\n<span>护送车队在早晨再次集结，行进两小时车程后，抵达了真正的试验现场，这里进行过七次当量大于美国内华达（Nevada）试验场的试爆。Stillman 参观了变电站、令人印象深刻的贵宾特区、一处建在巨大山坳中的核试设备组装厂，以及一个放射性污染清理设施，这是用来处理工业废料和意外灾难的。通信安全措施可谓严格。Stillman访问之际，几个钻井台正在挖掘直径2到2.5米的洞。这些洞是安放核装置的。挖掘技术以美国标准看落后了；挖掘人员对花岗岩的掘进速度每天只有2米。</span><br />\n<br />\n<span>在地下水位以下20-40米，大多数罗布泊井下核试验都是在含水花岗岩环境中进行的。中国人采用的掩埋深度公式为：DOB=120Y^1/3，Y的单位是千吨TNT当量，DOB指掩埋深度，单位米。因子120代表试爆点地质情况，120对中国的花岗岩地层而言是合适的。由这个公式算出的点火深度就是确切的“安全深度，”但裕度仍然扩大至预估当量的110%。</span><br />\n<br />\n<span>中国的核探测水平即便没有超过美国的技术，他们在每一方面，那也和美国不相上下。例如，NINT的科学家给Stillman看过几个中国造的5兆赫示波器；但其最高计量值能录得1.5G的信号，领先同期西方的水平。</span><br />\n<br />\n<span>NINT的科学家们已开发并启用了一种双轴小孔中子实验(PINEX：PInhole Neutron EXperiment)“照相机”,来产生双重图像（dual images），它们记录的是内爆过程中，氘氚燃烧区的激发体，亦即热核装置的核裂变部分的运作情况。凭借这台独一无二的仪器，中国研究者们能对核装置内燃烧区域的特定部分进行任意两个时间序列事件的成像，或者能够记录分别在两处不同位置，任意给定时刻下，发生的事件。</span><br />\n<br />\n<p>\n	<span>在罗布泊度过的夜晚，中国人给Stillman放映了一些早期核爆效果实验的录像带。比如其中有一种CHIC-12的试验：核弹爆炸点周围区域环布着各种目标物：潜艇仓库大门、地下军事指挥掩体、军用飞机、坦克，以及还有安设了测量装置的笼子，里面关着动物。Stillman注意到，中国人所作的与美国那些进行的试验是一样的。</span> \n</p>\n<p>\n	<strong><span style=\"font-size: 14px;\">(待续)</span></strong> \n</p>',1350909105),(1,6,'纽约时报看中国：清政府的本质及其与列强的关系','http://article.yeeyan.org/view/354882/326530','<p>译者  <a href=\"http://space.yeeyan.org/u/354882\">newtimes</a></p><p align=\"center\" style=\"text-align: center;\">\n	<span></span> \n</p>\n<p align=\"center\" style=\"text-align: left;\">\n	<span style=\"font-family: Arial; color: #353535; font-size: 14px;\">有意思的诠释：清政府的本质及其与列强的关系</span><span style=\"font-family: Tahoma; color: #353535; font-size: 13pt;\"> </span> \n</p>\n<p align=\"left\" style=\"text-align: left;\">\n	<span style=\"font-family: Arial; color: #353535; font-size: 14px;\">1860</span><span><span style=\"font-family: Arial; font-size: 14px;\">年</span><span style=\"font-family: Arial; font-size: 14px;\">6</span><span style=\"font-family: Arial; font-size: 14px;\">月</span><span style=\"font-family: Arial; font-size: 14px;\">23</span><span style=\"font-family: Arial; font-size: 14px;\">日载于纽约时报</span></span><span style=\"font-family: Tahoma; color: #353535; font-size: 13pt;\"> </span> \n</p>\n<p align=\"left\" style=\"text-align: left; text-indent: 32pt;\">\n	<span style=\"font-family: Arial; color: #353535; font-size: 14px;\">经国会同意，前美国外交官里德所撰写的通讯中的一部分目前已经公开发表。我们摘录了其中的一部分展示给读者。在这部分通讯中，里德向我们充分诠释了清政府的本质及清政府与列强们的关系。这些文字非常有力，非常有指导意义。以下为我们摘录的里德通讯。</span><span style=\"font-family: Tahoma; color: #353535; font-size: 13pt;\"> </span> \n</p>\n<p align=\"left\" style=\"text-align: left; text-indent: 32.25pt;\">\n	<span style=\"font-family: Arial; color: #353535; font-size: 14px;\">这是我最后一次与您联系为国会会议提供情报。我希望能够在有关《天津条约》本身及其效力和执行问题上额外补充一些看法。这些观点也适用于其他西方列强与清政府签订的条约。我有责任将我的观点表达出来为总统先生科学地作出对华政策提供帮助。</span><span style=\"font-family: Tahoma; color: #353535; font-size: 13pt;\"> </span> \n</p>\n<p align=\"left\" style=\"text-align: left; text-indent: 32.25pt;\">\n	<span><span style=\"font-family: Arial; font-size: 14px;\">如果被问及依靠清政府能在多大程度上执行条约的条款，相信没有人能给出确定的答案。对于这个问题的回答，从中国与西方在道德、智力水平、素质以及各派政治势力的影响方面的不同中找出答案是徒劳的。在评估清政府条约条款执行力的时候，我们一定要首先清醒地认识到清政府的行为是毫无原则和法律依据可言的，它的行为完全出于特定利害的权宜考量。一位巡抚或多或少拥有立法权和行政权，同时对其所辖范围内的民众福祉负责。他下属的各级官员的职责也同巡抚类似。这样的制度安排保证官员们各司其职。某地政府的行为更多地取决于当地现任官员的脾气秉性。如果</span><span style=\"font-family: Arial; font-size: 14px;\">1856</span><span style=\"font-family: Arial; font-size: 14px;\">年</span><span style=\"font-family: Arial; font-size: 14px;\">10</span><span style=\"font-family: Arial; font-size: 14px;\">月的时候广州的都督与福建的都督互调的话，广州或许就不会发生动乱了。</span></span><span style=\"font-family: Tahoma; color: #353535; font-size: 13pt;\"> </span> \n</p>\n<p align=\"left\" style=\"text-align: left; text-indent: 32.25pt;\">\n	<span style=\"font-family: Arial; color: #353535; font-size: 14px;\">清政府其实是一个中央集权与地方各自为政的混合体。对于一个从没有亲眼看见过清政府国家机器实际运行的人来说是很难理解这一点的。清王朝的朝廷应该是一个不负任何责任的一切权力和权威的来源。京师的政府官员和工作人员们的工作确保了朝廷的地位及其在整个大清帝国范围内的影响力。一旦某个京官作为总督被外放到帝国内的一个遥远的省份，他就会意识到他将面对老百姓的巨大力量。因为他本身就来自于老百姓。老百姓们希望获得保护，但他们不愿意超出自己义务范围为这种保护支付税款。同样，他也会意识到在平定叛乱的工作中，他不会得到朝廷的人力财力的支援。他不得不依赖于他治下的社会资源。他治下的税收除支付民生费用、军费以及海军服务费外，还要提取一大部分供奉给位于京师的朝廷。总督和巡抚在其所辖区域内可以拥有类似皇帝的权力。除非接到朝廷的命令，一个省的封疆大吏是不会对其他省的叛乱负责或提供援助。清帝国各地政府之间的关系不像一个强有力的专制政府那样紧密。这种情况为清帝国中的老百姓获得相对的自由创造了条件。因为清廷没有能力集中它的能量于某一点，没有能力彻底镇压叛乱和不满。</span><span style=\"font-family: Tahoma; color: #353535; font-size: 13pt;\"> </span> \n</p>\n<p align=\"left\" style=\"text-align: left; text-indent: 32.25pt;\">\n	<span><span style=\"font-family: Arial; font-size: 14px;\">以上这些说明某个列强即使与清廷签署了条约，清廷由于疲软的组织能力也不能保证条约被充分履行。在这里涉及到中国声誉的问题。一直以来，中国的声誉是建立在对法律的良好执行、对产业的保护以及通过科举制度遴选政府优秀代理人的基础上的。一方面，我们看到了中国人三纲五常的道德观念，另一方面，我们也意识到中国人的道德观念是很难被人类道德所替代或改变的。清政府调动社会资源进行反抗侵略和镇压叛乱的时候显得是那样的软弱无能，但在阻止改变清王朝既有的政治组织模式方面却又显得那样强大。</span><span></span></span> \n</p>\n<p align=\"left\" style=\"text-align: left; text-indent: 32.25pt;\">\n	<span><span style=\"font-family: Arial; font-size: 14px;\">清国的实际权力实际上是由各种力量构成的镇压由贫困、煽动导致的愚昧“民主行动”的混合体。这种权力混合体包括暴虐的不负任何责任的朝廷、地方政府官员以及民间力量。在评估与清国民众、政府一起和平履行条约可能性的过程中，清政府在镇压旨在袭击外国船舰、外国人的事件中的软弱无能、在满足事件中的受害方的需求的不良表现以及清国老百姓的暴力倾向都应该被考虑进去。清国老百姓制造的暴力事件持续地上演，而清政府从来没有想过对此进行干涉。清政府的官员们将暴力事件的处理丢给了士绅阶层和当地头领去解决。士绅和头领们做了大量工作维持了本地的和平稳定。有些时候，位于社会中层的士绅阶层的权力成为了一种常态化运作的权力。</span><span style=\"font-family: Arial; font-size: 14px;\">1854</span><span style=\"font-family: Arial; font-size: 14px;\">至</span><span style=\"font-family: Arial; font-size: 14px;\">1855</span><span style=\"font-family: Arial; font-size: 14px;\">年，广州发生了暴乱。当</span><span style=\"font-family: Arial; font-size: 14px;\">50</span><span style=\"font-family: Arial; font-size: 14px;\">多万广州民众在</span><span style=\"font-family: Arial; font-size: 14px;\">28</span><span style=\"font-family: Arial; font-size: 14px;\">个月内因暴力失去生命后，士绅们开始与政府合作镇压叛乱。虽然对参与暴乱者残酷的处死手段受到外国人的谴责，但经受过暴乱胜利者摧残的人非常明白这场斗争的本质意义。于是，他们尽自己最大所能帮助官府缉拿犯下死罪的暴乱分子。（未完待续）</span><span></span></span> \n</p>\n<p style=\"text-indent: 32.25pt;\">\n	<span></span> \n</p>',1350909110),(1,6,'他欣然接受的死亡','http://article.yeeyan.org/view/359497/326522','<p>译者  <a href=\"http://space.yeeyan.org/u/359497\">Rumshy-Lcmsyx</a></p><p>\n	我相信那一刻父亲传授给我的好的并且有价值的生活。\n</p>\n<p>\n	1983年七月的一个下午，我和母亲一起得知了父亲身体虚弱的消息。我们冲到急救室发现他正躺在一副担架上面，并且失去了知觉。他得了很严重的中风，医生警告我们他的时间不多了，当然如果有可能的话。\n</p>\n<p>\n	我记得我当时站在母亲身后，她抓着父亲的手，贴着父亲。“Tommy，你能听到我吗？”母亲说了多次却没有得到回应。我瞥见护士正垂着眼睛。过了几分钟，母亲轻声说到“我爱你，Tommy。”转身离开时，颤抖着并含着泪水。\n</p>\n<p>\n	我一个人站在父亲身边。他苍白的面容面向另一边，眼睛已经无法合上，嘴唇已经褪色并干裂。他走了。而我却没有感情的波动——没有恐惧，没有痛苦，没有悲伤，没有愤怒——什么都没有，除了麻痹的思想——每天父亲都告诉我他爱我，而我却没有告诉过他，“我也爱你”。我喃喃着。最后，我俯身贴近父亲，第一次轻声告诉他，“我爱你，爸爸”。\n</p>\n<p>\n	当我转身离开时，父亲动了。他勉强转动头部，眼睛极力地寻找着我。缓慢地，他抬起他的胳膊轻轻地把手放在我的脸上，就这样，他看着我的眼睛。我们之间的这种宁静似乎是一种忏悔，宽恕和祝福。数秒后，他的手坠了下去，他陷入了昏迷。第二天，他去世了。\n</p>\n<p>\n	今天，二十七年后，我仍然在理解那一刻的意义和神秘。那是我最重大心碎和最诚挚的祝福，同时这也多次告诉了我恐惧，悲伤和不确定。在那最后的几分钟，当他知道他的命运时，父亲没有关心他自己而是想要给我安慰。在那最后的瞬间，父亲传授给我了生活的美好和价值。\n</p>\n<p>\n	我相信信仰，命运和奉献是生命的支柱。我相信生命中所有的虚幻和秘密都是基于牺牲的爱。我相信宽恕的救赎的力量。我相信我们当中每一个人都会用自己的努力去服务并鼓舞他人。同时我相信，伴随着信仰和谦逊，我们能够发现每一次悲痛和难以忍受的心碎都带有神圣祝福的承诺。\n</p>\n<p>\n	深夜，我摇着自己的宝宝睡觉。我暗自希望自己能够拥有一个像父亲最后一课教导的那样有价值的生活。当我把孩子放下，我俯身贴着他，轻抚他的脸颊，轻声说到“我爱你，Tommy。”\n</p>',1350909115),(1,6,'乔布斯是一个商业领袖领袖榜样么？','http://article.yeeyan.org/view/184798/326470','<p>译者  <a href=\"http://space.yeeyan.org/u/184798\">装B蛋</a></p><p>\n	书报博客中对史密斯乔布斯的正面赞扬和负面谴责层出不穷，评论者之间分化严重‘能否通过仿效乔布斯的方式来复制他的成功是其中一个重要议题。虽然多数管理层都习惯量化分析影响公司业绩的因素，但这个问题研究较少，仍有大量争议，缺乏更多实质性数据的支持。\n</p>\n<p>\n	&nbsp;\n</p>\n<p>\n	另一方面，评论家则仅评感性，对乔布斯不留余地的强势市场风格褒贬不一，观点两极分化。Ben Austen在其最近的“怪谈”中将这两部分评论者分为挺乔派和反乔派。挺乔派认为杰出的乔是苹果成功的根源。反乔派认为乔自大傲慢有重大缺陷领导苹果成功并不是因为他粗鲁的作风。\n</p>\n<p>\n	&nbsp;\n</p>\n<p>\n	我们认为这场关于领导力的争议之外，体现了大众对领导领导认知的缺失。多数机构评论员将领导力抽象的分化为两种。心理学家关注人际能力分支；领袖如何影响组织里的其他人，即领导者怎样做。管理学家强调商业执行能力，要用正确的策略取的成功，即领导者要什么。研究表明，这两项都很重要。\n</p>\n<p>\n	&nbsp;\n</p>\n<p>\n	比如,谷歌层进行一个偏薄的数据分析，通过经验判断对同一级别管理层中精英的共同特点。公司本希望，作为世界级的高科技公司，技术专长应是成功管理层拥有的最重要的特点。然而，纽约时报评论“谷歌最有成就的管理层，是那些平易近人处事公道的领导。他们愿意抽时间同员工单独交谈，通过提问引导员工解决问题而不是直接给出答案；他们关心员工的生活和职业规划”--这些管理层的突出点都是那些人际协调技能的突出。\n</p>\n<p>\n	&nbsp;\n</p>\n<p>\n	另一封面，德勤咨询进行了一项全球调查，关注投资者如何确定一家公司的价值。最重要的两项分别是财务状况和领导能力，其中财务状况更重要。该调查研究分析师如何对领导能力进行估值，发现3个核心部分，都强调领导者的商业能力“做什么<span></span>”：清晰的策略，有力的执行和创新的文化。\n</p>\n<p>\n	&nbsp;\n</p>\n<p>\n	在我们看来，这两项研究和其他差不多的研究，都关注一个不必要的的两分法：杰出的领导力是灵活的人际沟通或是商业策略执行构建和有效决策。这两者不是互不相容。不像某些评论家激动的劝说企业家们“是否应该学”史蒂夫乔布斯，我们认为如何实现管理高效能其实是通过实际调查研究说话。\n</p>\n<p>\n	&nbsp;\n</p>\n<p>\n	为这个目的，我们最近公布了一项研究成果。研究中我们调查了421个企业高管领导的4600个同事。调查数据包括这两项评分，对人际能力评分（How）和商业领导力评分（what）与个人领导力，员工态度（参与，士气，凝聚力）这两部分，与团队绩效之间的关系。\n</p>\n<p>\n	&nbsp;\n</p>\n<p>\n	数据分析显示人际能力和商业能力都对领导力效能有作用，但作用方式不同。人际能力通过影响员工态度作用于劳动生产力。另一方面，商业能力对员工态度没有影响但直接影响评分和劳动生产率。换句话说人际能力和商业能力都同样重要且互补，都对商业领导的企业有影响。\n</p>\n<p>\n	&nbsp;\n</p>\n<p>\n	这些发现提醒我们改变对领导效能的以往看法。不再考虑是领导的人际协调能力更重要还是领导本人解决实际问题的能力更重要；而是把问题变为：领导者如何同时均衡有效得使用这两项能力，整体解决工作中遇到的问题。\n</p>\n<p>\n	&nbsp;\n</p>\n<p>\n	我们的数据表明，乔是一个调查特例，一个管理奇葩。我们数据库中的421名高管，没有一个“史密斯乔布斯型”- 一个顶级的业务能手同时是一个蹩脚的人际协调者，并带出一个高产的团队。从目前我们可以取得的数据中，<strong>\"</strong>史密斯乔布斯型<strong>\"</strong>不是成为高效能管理者的最好方式，而是相反，做一个“亲民领袖”的同时，又是一个创新且有所专长的战略执行者。\n</p>\n<p>\n	&nbsp;\n</p>\n<p>\n	你平时用什么方法能不断督促同事交付优质成果，并能维持稳定和谐的同事关系？你又如何使你在这两方面的领导能力都不受到质疑呢？\n</p>\n<p>\n	&nbsp;\n</p>\n<p>\n	&nbsp;\n</p>\n<p>\n	&nbsp;\n</p>\n<p>\n	&nbsp;\n</p>\n<p>\n	&nbsp;\n</p>\n<p>\n	&nbsp;\n</p>\n<p>\n	&nbsp;\n</p>\n<p>\n	&nbsp;\n</p>\n<p>\n	&nbsp;\n</p>\n<p>\n	&nbsp;\n</p>\n<p>\n	&nbsp;\n</p>',1350909215),(1,1,'我想给你听的歌','http://www.xiami.com/song/showcollect/id/13720799','创建者：我不咬人<br /><br /><a href=\"http://www.xiami.com/song/showcollect/id/13720799\"><img src=\"http://img.xiami.com/./images/collect/799/99/13720799_1350668116.jpg\" style=\"border: 0;\" title=\"我想给你听的歌\" width=\"600\" /></a><br /><br />每次换彩铃都是在表达一种心情啊~&nbsp;唱给某个人的，唱给自己的。唱给大家的。同样有这个功能的还有铃声。&nbsp;<br />\n其实每一首歌呢，都有一段情节。<br />\n哪怕权当是播放列表听听，应该也还不错。<br /><br /><a href=\"http://www.xiami.com/song/showcollect/id/13720799\" style=\"display: block;\">去虾米试听<img alt=\"去虾米试听\" src=\"http://img.xiami.com/res/img/default/c_play.gif\" style=\"border: 0; vertical-align: middle;\" /></a><br /><br />曲目列表:<br />1.<a href=\"http://www.xiami.com/song/showcollect/id/13720799\">错的人</a>--<a href=\"http://www.xiami.com/song/showcollect/id/13720799\">萧亚轩</a><br />『给德庄，4月初我们坐在桃花坞一起听这首歌的时候，悔过我们所做的傻事的时候。甚至我对面坐着伴郎，什么话都不讲只是哭的时候，我却不敢告诉任何人我哭是因为胖子。\n不敢承认那时候自己很爱他。然后第二天，这歌...』<br /><br />2.<a href=\"http://www.xiami.com/song/showcollect/id/13720799\">慢慢</a>--<a href=\"http://www.xiami.com/song/showcollect/id/13720799\">张学友</a><br />『我近期的单曲循环。”慢慢慢慢没有感觉，慢慢慢慢我被忽略“ 温水煮青蛙。』<br /><br />3.<a href=\"http://www.xiami.com/song/showcollect/id/13720799\">If I Ain\'t Got You[kanye West Remix]</a>--<a href=\"http://www.xiami.com/song/showcollect/id/13720799\">Alicia Keys</a><br />『适合做铃声的版本。它只会属于我的那个他，不管是谁，这个传统没变过。』<br /><br />4.<a href=\"http://www.xiami.com/song/showcollect/id/13720799\">If I Ain\'t Got You (piano Vocal Version)</a>--<a href=\"http://www.xiami.com/song/showcollect/id/13720799\">Alicia Keys</a><br />『最爱的歌，基本没有之一，最爱的版本应该是她跟usher的合唱版。』<br /><br />5.<a href=\"http://www.xiami.com/song/showcollect/id/13720799\">福笑い</a>--<a href=\"http://www.xiami.com/song/showcollect/id/13720799\">高橋優</a><br />『如果你笑了，我也会想笑，如果你哭了，我也会想要哭 的感觉，美好而短暂。这就是我给你看的那段台湾视频的背景音乐啊。@Aling』<br /><br />6.<a href=\"http://www.xiami.com/song/showcollect/id/13720799\">隔离</a>--<a href=\"http://www.xiami.com/song/showcollect/id/13720799\">铁竹堂</a><br />『其实算是一般的歌， ”我是用心爱过你，住过你心里” 失恋时候会想唱的歌。』<br /><br />7.<a href=\"http://www.xiami.com/song/showcollect/id/13720799\">情歌两三首</a>--<a href=\"http://www.xiami.com/song/showcollect/id/13720799\">郭顶</a><br />『默默的想念下Brian哥。 那一年，说为了听彩铃，随时都可能打我的电话。后来这就成了他的手机铃声。还走到哪里哼到哪里。\n要感谢他在7月一回来就陪我喝酒。摔！算起来7月末的时候就开始为了胖子的事开始买...』<br /><br />8.<a href=\"http://www.xiami.com/song/showcollect/id/13720799\">寂寞先生</a>--<a href=\"http://www.xiami.com/song/showcollect/id/13720799\">曹格</a><br />『”人类除了擅长颓废，做什么都不对。”\n人在爱情里越颓废，就会越多安慰。』<br /><br />9.<a href=\"http://www.xiami.com/song/showcollect/id/13720799\">悲歌王</a>--<a href=\"http://www.xiami.com/song/showcollect/id/13720799\">曹格</a><br />『我有权利唱最最惨的情歌，因为你没有我一半的伤痕遍体。 只为这句，变成彩铃。』<br /><br />10.<a href=\"http://www.xiami.com/song/showcollect/id/13720799\">9 Crimes</a>--<a href=\"http://www.xiami.com/song/showcollect/id/13720799\">Damien Rice;Lisa Hannigan</a><br />『悲凉而沧桑』<br /><br /><a href=\"http://www.xiami.com/song/showcollect/id/13720799\">查看全部曲目</a>',1350919105);
/*!40000 ALTER TABLE `rss_user_collect` ENABLE KEYS */;
UNLOCK TABLES;

--
-- Temporary table structure for view `rss_user_feed_categories`
--

DROP TABLE IF EXISTS `rss_user_feed_categories`;
/*!50001 DROP VIEW IF EXISTS `rss_user_feed_categories`*/;
SET @saved_cs_client     = @@character_set_client;
SET character_set_client = utf8;
/*!50001 CREATE TABLE `rss_user_feed_categories` (
  `category_name` tinyint NOT NULL,
  `uid` tinyint NOT NULL
) ENGINE=MyISAM */;
SET character_set_client = @saved_cs_client;

--
-- Table structure for table `rss_user_feed_contents`
--

DROP TABLE IF EXISTS `rss_user_feed_contents`;
/*!40101 SET @saved_cs_client     = @@character_set_client */;
/*!40101 SET character_set_client = utf8 */;
CREATE TABLE `rss_user_feed_contents` (
  `uid` mediumint(8) unsigned NOT NULL,
  `content_id` bigint(20) unsigned NOT NULL,
  `feed_id` int(20) unsigned NOT NULL,
  `unread` enum('F','T') DEFAULT NULL,
  KEY `uid` (`uid`),
  KEY `content_id` (`content_id`),
  KEY `feed_id` (`feed_id`),
  CONSTRAINT `rss_user_feed_contents_ibfk_1` FOREIGN KEY (`uid`) REFERENCES `rss_users` (`uid`),
  CONSTRAINT `rss_user_feed_contents_ibfk_2` FOREIGN KEY (`content_id`) REFERENCES `rss_feed_contents` (`content_id`),
  CONSTRAINT `rss_user_feed_contents_ibfk_3` FOREIGN KEY (`feed_id`) REFERENCES `rss_feeds` (`feed_id`)
) ENGINE=InnoDB DEFAULT CHARSET=utf8;
/*!40101 SET character_set_client = @saved_cs_client */;

--
-- Dumping data for table `rss_user_feed_contents`
--

LOCK TABLES `rss_user_feed_contents` WRITE;
/*!40000 ALTER TABLE `rss_user_feed_contents` DISABLE KEYS */;
INSERT INTO `rss_user_feed_contents` VALUES (1,1,6,'T'),(1,2,6,'T'),(1,3,6,'T'),(1,4,6,'T'),(1,5,6,'T'),(1,6,6,'T'),(1,7,6,'T'),(1,8,6,'T'),(1,9,6,'T'),(1,10,6,'T'),(1,11,1,'T'),(1,12,1,'T'),(1,13,1,'T'),(1,14,1,'T'),(1,15,1,'T'),(1,16,1,'T'),(1,17,1,'T'),(1,18,1,'T'),(1,19,1,'T'),(1,20,1,'T');
/*!40000 ALTER TABLE `rss_user_feed_contents` ENABLE KEYS */;
UNLOCK TABLES;

--
-- Table structure for table `rss_user_feeds`
--

DROP TABLE IF EXISTS `rss_user_feeds`;
/*!40101 SET @saved_cs_client     = @@character_set_client */;
/*!40101 SET character_set_client = utf8 */;
CREATE TABLE `rss_user_feeds` (
  `uid` mediumint(8) unsigned NOT NULL,
  `feed_id` int(20) unsigned NOT NULL,
  `category_name` varchar(50) DEFAULT '其他',
  `name` varchar(50) NOT NULL DEFAULT 'subscirbe',
  `last_access` int(11) unsigned NOT NULL,
  KEY `feed_id` (`feed_id`),
  KEY `uid` (`uid`),
  CONSTRAINT `rss_user_feeds_ibfk_1` FOREIGN KEY (`feed_id`) REFERENCES `rss_feeds` (`feed_id`),
  CONSTRAINT `rss_user_feeds_ibfk_2` FOREIGN KEY (`uid`) REFERENCES `rss_users` (`uid`)
) ENGINE=InnoDB DEFAULT CHARSET=utf8;
/*!40101 SET character_set_client = @saved_cs_client */;

--
-- Dumping data for table `rss_user_feeds`
--

LOCK TABLES `rss_user_feeds` WRITE;
/*!40000 ALTER TABLE `rss_user_feeds` DISABLE KEYS */;
INSERT INTO `rss_user_feeds` VALUES (1,1,'音乐','虾米音乐',1350828670),(1,2,'乐趣','果壳网',123),(1,3,'乐趣','萝卜网',123),(1,4,'乐趣','佳人',123),(1,5,'乐趣','皮皮书屋',123),(1,6,'乐趣','译言',1350828670),(1,7,'新闻','南方周末',123),(1,8,'音乐','音乐-日韩音乐',123),(1,9,'新闻','腾讯-新闻中心',123),(2,1,'音乐','虾米音乐',123),(2,2,'乐趣','果壳网',123),(2,3,'乐趣','萝卜网',123),(2,4,'乐趣','佳人',123),(2,5,'乐趣','皮皮书屋',123),(2,6,'乐趣','译言',123),(2,7,'新闻','南方周末',123),(2,8,'音乐','音乐-日韩音乐',123),(2,9,'新闻','腾讯-新闻中心',123),(3,1,'音乐','虾米音乐',123),(3,2,'乐趣','果壳网',123),(3,3,'乐趣','萝卜网',123),(3,4,'乐趣','佳人',123),(3,5,'乐趣','皮皮书屋',123),(3,6,'乐趣','译言',123),(3,7,'新闻','南方周末',123),(3,8,'音乐','音乐-日韩音乐',123),(3,9,'新闻','腾讯-新闻中心',123),(1,1,'音乐','虾米音乐',1350828670),(1,2,'乐趣','果壳网',123),(1,3,'乐趣','萝卜网',123),(1,4,'乐趣','佳人',123),(1,5,'乐趣','皮皮书屋',123),(1,6,'乐趣','译言',1350828670),(1,7,'新闻','南方周末',123),(1,8,'音乐','音乐-日韩音乐',123),(1,9,'新闻','腾讯-新闻中心',123),(2,1,'音乐','虾米音乐',123),(2,2,'乐趣','果壳网',123),(2,3,'乐趣','萝卜网',123),(2,4,'乐趣','佳人',123),(2,5,'乐趣','皮皮书屋',123),(2,6,'乐趣','译言',123),(2,7,'新闻','南方周末',123),(2,8,'音乐','音乐-日韩音乐',123),(2,9,'新闻','腾讯-新闻中心',123),(3,1,'音乐','虾米音乐',123),(3,2,'乐趣','果壳网',123),(3,3,'乐趣','萝卜网',123),(3,4,'乐趣','佳人',123),(3,5,'乐趣','皮皮书屋',123),(3,6,'乐趣','译言',123),(3,7,'新闻','南方周末',123),(3,8,'音乐','音乐-日韩音乐',123),(3,9,'新闻','腾讯-新闻中心',123),(1,10,'其他','36氪',123);
/*!40000 ALTER TABLE `rss_user_feeds` ENABLE KEYS */;
UNLOCK TABLES;
/*!50003 SET @saved_cs_client      = @@character_set_client */ ;
/*!50003 SET @saved_cs_results     = @@character_set_results */ ;
/*!50003 SET @saved_col_connection = @@collation_connection */ ;
/*!50003 SET character_set_client  = gbk */ ;
/*!50003 SET character_set_results = gbk */ ;
/*!50003 SET collation_connection  = gbk_chinese_ci */ ;
/*!50003 SET @saved_sql_mode       = @@sql_mode */ ;
/*!50003 SET sql_mode              = 'STRICT_TRANS_TABLES,NO_AUTO_CREATE_USER,NO_ENGINE_SUBSTITUTION' */ ;
DELIMITER ;;
/*!50003 CREATE*/ /*!50017 DEFINER=`root`@`localhost`*/ /*!50003 TRIGGER `deleteFeedContent` AFTER DELETE ON `rss_user_feeds`
FOR EACH ROW BEGIN

DELETE FROM `rss_user_feed_contents` WHERE `uid` = OLD.uid and `feed_id` = OLD.feed_id;

END */;;
DELIMITER ;
/*!50003 SET sql_mode              = @saved_sql_mode */ ;
/*!50003 SET character_set_client  = @saved_cs_client */ ;
/*!50003 SET character_set_results = @saved_cs_results */ ;
/*!50003 SET collation_connection  = @saved_col_connection */ ;

--
-- Table structure for table `rss_users`
--

DROP TABLE IF EXISTS `rss_users`;
/*!40101 SET @saved_cs_client     = @@character_set_client */;
/*!40101 SET character_set_client = utf8 */;
CREATE TABLE `rss_users` (
  `uid` mediumint(8) unsigned NOT NULL AUTO_INCREMENT,
  `username` varchar(20) NOT NULL,
  `password` varchar(40) NOT NULL,
  `email` varchar(80) NOT NULL,
  `created_on` int(11) unsigned NOT NULL,
  `last_login` int(11) unsigned DEFAULT NULL,
  `active` tinyint(1) unsigned DEFAULT NULL,
  PRIMARY KEY (`uid`),
  UNIQUE KEY `eamil` (`email`),
  UNIQUE KEY `email` (`email`)
) ENGINE=InnoDB AUTO_INCREMENT=4 DEFAULT CHARSET=utf8;
/*!40101 SET character_set_client = @saved_cs_client */;

--
-- Dumping data for table `rss_users`
--

LOCK TABLES `rss_users` WRITE;
/*!40000 ALTER TABLE `rss_users` DISABLE KEYS */;
INSERT INTO `rss_users` VALUES (1,'Thomas','123456','lyanghwy@gmail.com',123,NULL,NULL),(2,'Jhon','123456','thomaslyang@qq.com',1350639633,1,0),(3,'amy','123456','12345@qq.com',1350711423,1350711423,0);
/*!40000 ALTER TABLE `rss_users` ENABLE KEYS */;
UNLOCK TABLES;
/*!50003 SET @saved_cs_client      = @@character_set_client */ ;
/*!50003 SET @saved_cs_results     = @@character_set_results */ ;
/*!50003 SET @saved_col_connection = @@collation_connection */ ;
/*!50003 SET character_set_client  = utf8 */ ;
/*!50003 SET character_set_results = utf8 */ ;
/*!50003 SET collation_connection  = utf8_general_ci */ ;
/*!50003 SET @saved_sql_mode       = @@sql_mode */ ;
/*!50003 SET sql_mode              = 'NO_AUTO_VALUE_ON_ZERO' */ ;
DELIMITER ;;
/*!50003 CREATE*/ /*!50017 DEFINER=`root`@`localhost`*/ /*!50003 TRIGGER `UserCreateADDDefaultFeeds` AFTER INSERT ON `rss_users`
FOR EACH ROW BEGIN
INSERT INTO `rss_user_feeds` VALUES 
(NEW.uid, 1, "音乐",  "虾米音乐", 123),
(NEW.uid, 2, "乐趣",  "果壳网", 123),
(NEW.uid, 3, "乐趣",  "萝卜网", 123),
(NEW.uid, 4, "乐趣",  "佳人", 123),
(NEW.uid, 5, "乐趣",  "皮皮书屋", 123),
(NEW.uid, 6, "乐趣",  "译言", 123 ),
(NEW.uid, 7, "新闻",  "南方周末", 123),
(NEW.uid, 8, "音乐",  "音乐-日韩音乐", 123),
(NEW.uid, 9, "新闻",  "腾讯-新闻中心", 123 );

END */;;
DELIMITER ;
/*!50003 SET sql_mode              = @saved_sql_mode */ ;
/*!50003 SET character_set_client  = @saved_cs_client */ ;
/*!50003 SET character_set_results = @saved_cs_results */ ;
/*!50003 SET collation_connection  = @saved_col_connection */ ;

--
-- Current Database: `rss_db`
--

USE `rss_db`;

--
-- Final view structure for view `rss_user_feed_categories`
--

/*!50001 DROP TABLE IF EXISTS `rss_user_feed_categories`*/;
/*!50001 DROP VIEW IF EXISTS `rss_user_feed_categories`*/;
/*!50001 SET @saved_cs_client          = @@character_set_client */;
/*!50001 SET @saved_cs_results         = @@character_set_results */;
/*!50001 SET @saved_col_connection     = @@collation_connection */;
/*!50001 SET character_set_client      = utf8 */;
/*!50001 SET character_set_results     = utf8 */;
/*!50001 SET collation_connection      = utf8_general_ci */;
/*!50001 CREATE ALGORITHM=UNDEFINED */
/*!50013 DEFINER=`root`@`localhost` SQL SECURITY DEFINER */
/*!50001 VIEW `rss_user_feed_categories` AS select distinct `rss_user_feeds`.`category_name` AS `category_name`,`rss_user_feeds`.`uid` AS `uid` from `rss_user_feeds` */;
/*!50001 SET character_set_client      = @saved_cs_client */;
/*!50001 SET character_set_results     = @saved_cs_results */;
/*!50001 SET collation_connection      = @saved_col_connection */;
/*!40103 SET TIME_ZONE=@OLD_TIME_ZONE */;

/*!40101 SET SQL_MODE=@OLD_SQL_MODE */;
/*!40014 SET FOREIGN_KEY_CHECKS=@OLD_FOREIGN_KEY_CHECKS */;
/*!40014 SET UNIQUE_CHECKS=@OLD_UNIQUE_CHECKS */;
/*!40101 SET CHARACTER_SET_CLIENT=@OLD_CHARACTER_SET_CLIENT */;
/*!40101 SET CHARACTER_SET_RESULTS=@OLD_CHARACTER_SET_RESULTS */;
/*!40101 SET COLLATION_CONNECTION=@OLD_COLLATION_CONNECTION */;
/*!40111 SET SQL_NOTES=@OLD_SQL_NOTES */;

-- Dump completed on 2012-10-23 22:25:50
